view,scope,element_id,category,near_face_w,fpp,export_dpi,view_scale,cap_applied,pad_x,pad_y,px_count,px_w,px_h,ref_du_ft,ref_dv_ft,ref_aspect,exc_umin_ft,exc_umax_ft,exc_vmin_ft,exc_vmax_ft,worst_ft,worst_px,clipped,touches_image_edge
_E_ HOSPITAL - LEVEL 1_542078,host,450562,Floors,4.0,0.15942551659856716,150.0,96.0,True,0.34045938789495267,0.0,674787,1012,1122,162.76014019256735,180.36099087633283,0.9024132069897877,-0.6400863194602522,-0.7814310753570908,-0.7513442226539269,-0.7342170300865405,-0.6400863194602522,-4.014955278909254,False,False
_E_ HOSPITAL - LEVEL 1_542078,host,452761,Floors,4.0,0.15942551659856716,150.0,96.0,True,0.34045938789495267,0.0,515226,708,1451,114.34436370990628,232.78324640180213,0.4912052971051832,-0.6696729654838052,-0.8014249926369246,-0.7550981933080685,-0.7017236239731517,-0.6696729654838052,-4.200538155821311,False,False
_E_ HOSPITAL - LEVEL 1_542078,host,465898,Floors,4.0,0.15942551659856716,150.0,96.0,True,0.34045938789495267,0.0,123177,804,934,203.66800988889025,195.96427681082963,1.0393119256398822,-0.33801746487246476,-75.15187707876987,-0.7708843936066359,-46.28995991416127,-0.33801746487246476,-2.12022185710454,False,False
_E_ HOSPITAL - LEVEL 1_542078,host,493270,Floors,3.1666666666666714,0.15942551659856716,150.0,96.0,True,0.34045938789495267,0.0,130613,517,516,84.01071747270902,84.03210799715552,0.9997454481988334,-0.7983926927619223,-0.7893326984878399,-0.848307348284493,-0.9202340840103957,-0.7893326984878399,-4.951106418399613,False,False
_E_ HOSPITAL - LEVEL 1_542078,host,493854,Floors,1.1666666666666714,0.15942551659856716,150.0,96.0,True,0.34045938789495267,0.0,53428,372,357,60.93917536778275,58.59746000316426,1.0399627452195375,-0.8195379672995386,-0.8133452258162492,-0.8179124746309867,-0.8646381028447649,-0.8133452258162492,-5.101725515271495,False,False
_E_ HOSPITAL - LEVEL 1_542078,host,494353,Floors,7.5,0.15942551659856716,150.0,96.0,True,0.34045938789495267,0.0,13395,198,293,31.769591681356758,48.327199300130076,0.6573853263057031,-0.007734629923902503,-0.1956047649165953,-0.8154972796020274,-0.8000256571478417,-0.007734629923902503,-0.04851563343764017,False,False
_E_ HOSPITAL - LEVEL 1_542078,host,494700,Floors,5.166666666666671,0.15942551659856716,150.0,96.0,True,0.34045938789495267,0.0,13944,260,241,43.19965385048636,40.18251333220405,1.0750859084731326,-0.9092512136872983,-0.8397683211716185,-0.8548824864765834,-0.9060813454727281,-0.8397683211716185,-5.267464952214343,False,False
_E_ HOSPITAL - LEVEL 1_542078,host,505212,Floors,3.5,0.15942551659856716,150.0,96.0,True,0.34045938789495267,0.0,329427,1203,962,196.2831592790979,156.0433643536642,1.2578757199455934,-2.9308928651575457,-1.5633699458640535,-1.4542492966121472,-1.2217680892304372,-1.2217680892304372,-7.663566757050846,False,False
_E_ HOSPITAL - LEVEL 1_542078,host,505414,Walls,-13.833333333333329,0.15942551659856716,150.0,96.0,True,0.34045938789495267,0.0,1477,284,259,45.28450740978093,41.26652900878133,1.0973665219128217,0.016944345444642295,-0.024605041232575786,-0.06723520649913439,0.09191499674662396,0.09191499674662396,0.5765388045005717,False,False
_E_ HOSPITAL - LEVEL 1_542078,host,505415,Walls,-13.833333333333329,0.15942551659856716,150.0,96.0,True,0.34045938789495267,0.0,573,102,111,16.454599169554143,17.846387762444238,0.922012868294896,-0.019703254562585926,-0.17349322193774697,-0.014750361989683825,-0.1354050580135322,-0.014750361989683825,-0.09252196451603904,False,False
_E_ HOSPITAL - LEVEL 1_542078,host,505416,Walls,-13.833333333333329,0.15942551659856716,150.0,96.0,True,0.34045938789495267,0.0,1460,280,257,44.84532501228745,41.193270766644645,1.0886565736994105,-0.022367556265976418,-0.1838128084226014,-0.1647568655423015,-0.056156135270526875,-0.022367556265976418,-0.14030098031482527,False,False
_E_ HOSPITAL - LEVEL 1_542078,host,505417,Walls,-13.833333333333329,0.15942551659856716,150.0,96.0,True,0.34045938789495267,0.0,550,98,108,16.03365247598333,17.566387080211697,0.9127461670274264,-0.1737947414034693,-0.23615710792029176,-0.1471366726048018,-0.20129461496161127,-0.1471366726048018,-0.9229179603368723,False,False
_E_ HOSPITAL - LEVEL 1_542078,host,505418,Walls,-9.833333333333329,0.15942551659856716,150.0,96.0,True,0.34045938789495267,0.0,202,37,40,5.870811911835432,6.4354025525207135,0.9122680149256344,0.047301885904062146,-0.019369683592600495,-0.0930027170882397,0.0346208285101568,0.047301885904062146,0.2967021021055752,False,False
_E_ HOSPITAL - LEVEL 1_542078,host,505419,Walls,-9.833333333333329,0.15942551659856716,150.0,96.0,True,0.34045938789495267,0.0,1226,237,215,37.89793574110274,34.29921594313069,1.1049213429233735,-0.18228678315347224,0.06819847591111738,0.09376554946692295,-0.11649542390566126,0.09376554946692295,0.5881464364517272,False,False
_E_ HOSPITAL - LEVEL 1_542078,host,505420,Walls,-9.833333333333329,0.15942551659856716,150.0,96.0,True,0.34045938789495267,0.0,187,35,39,5.79993955319037,6.252236206731908,0.927658418750312,0.019597685601354442,-0.23964415784183757,0.1016706131147771,-0.1363116725025577,0.1016706131147771,0.6377311191080115,False,False
_E_ HOSPITAL - LEVEL 1_542078,host,505421,Walls,-9.833333333333329,0.15942551659856716,150.0,96.0,True,0.34045938789495267,0.0,1212,234,212,37.61518228050673,34.13505651891961,1.101951662498588,-0.08666746775230649,-0.22294392868977297,-0.20990631889793576,-0.1269406811254612,-0.08666746775230649,-0.5436235654204267,False,False
_E_ HOSPITAL - LEVEL 1_542078,host,505422,Walls,-7.5,0.15942551659856716,150.0,96.0,True,0.34045938789495267,0.0,1281,159,280,25.28160829321382,44.64661301495829,0.566260385412518,0.020749362070432653,0.04629948388787852,-0.0045702932044946465,-0.002898074155041286,0.04629948388787852,0.2904145137848946,False,False
_E_ HOSPITAL - LEVEL 1_542078,host,505423,Walls,-7.5,0.15942551659856716,150.0,96.0,True,0.34045938789495267,0.0,187,42,26,6.930904554353333,4.308785575972024,1.60855174437168,-0.35067872566389724,0.11564586845042868,0.030734266279722533,-0.19445641068907094,0.11564586845042868,0.7253912103770975,False,False
_E_ HOSPITAL - LEVEL 1_542078,host,505424,Walls,-7.5,0.15942551659856716,150.0,96.0,True,0.34045938789495267,0.0,1266,158,278,25.162507771685682,44.377674170460295,0.5670082590410954,0.10950164460228962,-0.08277779371434235,0.1202224866559618,-0.17760304271462246,0.1202224866559618,0.754098147028004,False,False
_E_ HOSPITAL - LEVEL 1_542078,host,505425,Walls,-7.5,0.15942551659856716,150.0,96.0,True,0.34045938789495267,0.0,173,39,25,6.714284212435075,4.135407785285366,1.6236087372872592,-0.24265287816524506,-0.2540361869257026,-0.07327687753530654,-0.07649299278588728,-0.07327687753530654,-0.4596307987498478,False,False
_E_ HOSPITAL - LEVEL 1_542078,host,513326,Floors,5.5,0.15942551659856716,150.0,96.0,True,0.34045938789495267,0.0,46440,364,355,59.460756770985824,58.02492396637035,1.0247451044562788,-0.7523464826229542,-0.6775222464843864,-0.7447667663257675,-0.6840988075531982,-0.6775222464843864,-4.249772940616431,False,False
_E_ HOSPITAL - LEVEL 1_542078,host,513373,Walls,-9.5,0.15942551659856716,150.0,96.0,True,0.34045938789495267,0.0,1077,254,77,40.401294065084414,12.20082128547233,3.3113585651148534,0.044781100369903015,0.04800605058176188,0.05236081666697601,0.022582675950332032,0.05236081666697601,0.3284343547013264,False,False
_E_ HOSPITAL - LEVEL 1_542078,host,513378,Walls,-9.5,0.15942551659856716,150.0,96.0,True,0.34045938789495267,0.0,601,44,142,7.100306822104841,22.88069568117919,0.3103186599324115,-0.04476639417941897,-0.04081769758843734,-0.24294874672352762,0.0006764225408915081,0.0006764225408915081,0.0042428750135070125,False,False
_E_ HOSPITAL - LEVEL 1_542078,host,513383,Walls,-9.5,0.15942551659856716,150.0,96.0,True,0.34045938789495267,0.0,1065,251,77,40.16125852181122,12.130943263423035,3.3106459777867894,-0.17954837318475825,0.03409451761388027,0.07426707007641653,0.07055444459018645,0.07426707007641653,0.46584180287413296,False,False
_E_ HOSPITAL - LEVEL 1_542078,host,513388,Walls,-9.5,0.15942551659856716,150.0,96.0,True,0.34045938789495267,0.0,588,43,139,7.030428800055574,22.640660137906025,0.31052225320430965,-0.119678609381765,-0.055452976935328024,-0.18588018985542476,-0.29463314084978265,-0.055452976935328024,-0.34782999684397076,False,False
_E_ HOSPITAL - LEVEL 1_542078,host,513393,Walls,-9.5,0.15942551659856716,150.0,96.0,True,0.34045938789495267,0.0,254,61,21,9.535533833277839,3.3059461968352934,2.8843584455203737,0.12327908341956118,0.06614359581516283,0.046080428163975284,-0.004090776429336529,0.12327908341956118,0.7732707163181252,False,False
_E_ HOSPITAL - LEVEL 1_542078,host,513398,Walls,-9.5,0.15942551659856716,150.0,96.0,True,0.34045938789495267,0.0,764,58,180,9.10635721257654,28.803565828096453,0.31615381466740966,0.03591848705315215,0.10440426308713313,-0.22000161579404676,0.11302877543965906,0.11302877543965906,0.7089754378796531,False,False
_E_ HOSPITAL - LEVEL 1_542078,host,513403,Walls,-9.5,0.15942551659856716,150.0,96.0,True,0.34045938789495267,0.0,238,58,21,9.296145764920425,3.2338812766031424,2.874609476908523,-0.16907113871195634,0.11960533650847083,0.08838639289353978,0.02566817907325003,0.11960533650847083,0.7502270593837034,False,False
_E_ HOSPITAL - LEVEL 1_542078,host,513408,Walls,-9.5,0.15942551659856716,150.0,96.0,True,0.34045938789495267,0.0,748,57,177,9.034292292344333,28.56417775973904,0.31628049539301245,0.02071741363192814,0.0322447401420618,-0.1928080532743479,-0.1530532685182493,0.0322447401420618,0.2022558297443309,False,False
_E_ HOSPITAL - LEVEL 1_542078,host,518859,Walls,-8.0,0.15942551659856716,150.0,96.0,True,0.34045938789495267,0.0,312,74,24,12.078181548425391,3.9317588235601875,3.0719538228157797,-0.2844235506868813,0.00373023055539079,-0.011655211497782147,-0.09389121369673603,0.00373023055539079,0.023397951814598764,False,False
_E_ HOSPITAL - LEVEL 1_542078,host,518860,Walls,-8.0,0.15942551659856716,150.0,96.0,True,0.34045938789495267,0.0,1401,98,330,15.68333162637839,52.72974316121616,0.29742856092486736,-0.0752136079771617,0.01558260825834168,-0.24976548804386312,0.13044280435491373,0.13044280435491373,0.8182053107807592,False,False
_E_ HOSPITAL - LEVEL 1_542078,host,518861,Walls,-8.0,0.15942551659856716,150.0,96.0,True,0.34045938789495267,0.0,267,64,22,10.313460398637062,3.4216123926321984,3.0142106162711966,0.11230033195897704,-0.2225276682877393,-0.04250066517795403,0.12824963771430475,0.12824963771430475,0.8044486256063818,False,False
_E_ HOSPITAL - LEVEL 1_542078,host,518862,Walls,-8.0,0.15942551659856716,150.0,96.0,True,0.34045938789495267,0.0,85,10,22,1.4705487329187577,3.564254491977465,0.4125824169482607,0.022302196078499037,0.1014042369884578,-0.18841963920297644,0.13152651239394686,0.13152651239394686,0.8250028928877811,False,False
_E_ HOSPITAL - LEVEL 1_542078,host,518863,Walls,-8.0,0.15942551659856716,150.0,96.0,True,0.34045938789495267,0.0,259,62,21,10.090968932942815,3.357294453704867,3.0056848072432705,-0.1615742384771579,-0.04501266535447712,0.10853853495021326,-0.11789714008514807,0.10853853495021326,0.6808103073205833,False,False
_E_ HOSPITAL - LEVEL 1_542078,host,518864,Walls,-8.0,0.15942551659856716,150.0,96.0,True,0.34045938789495267,0.0,173,15,42,2.403268518041159,6.790760122209406,0.3539027258791236,-0.02647071206712326,0.014584943004535944,-0.12957174159583928,0.03468331652618417,0.03468331652618417,0.21755185284120251,False,False
_E_ HOSPITAL - LEVEL 1_542078,host,518865,Walls,-8.0,0.15942551659856716,150.0,96.0,True,0.34045938789495267,0.0,193,47,17,7.65481087810366,2.6530525125097597,2.8852843439809224,-0.2341804610917393,0.07236886312068691,0.11249608902019759,-0.05531481935426541,0.11249608902019759,0.7056341507957118,False,False
_E_ HOSPITAL - LEVEL 1_542078,host,518866,Walls,-8.0,0.15942551659856716,150.0,96.0,True,0.34045938789495267,0.0,191,17,47,2.611224917700781,7.510860159256765,0.34765990343763425,0.015577936577983564,0.08343092789692719,-0.1256057367459391,0.10774485762178188,0.10774485762178188,0.6758319491169222,False,False
_E_ HOSPITAL - LEVEL 1_542078,host,518867,Walls,-8.0,0.15942551659856716,150.0,96.0,True,0.34045938789495267,0.0,194,48,17,7.66408949267111,2.655522188770476,2.886095068262123,0.14301275769554422,-0.15467745363542917,-0.01979995282150071,0.07451154622671652,0.14301275769554422,0.8970506149003099,False,False
_E_ HOSPITAL - LEVEL 1_542078,host,518868,Walls,-8.0,0.15942551659856716,150.0,96.0,True,0.34045938789495267,0.0,165,14,40,2.326203055657345,6.525824337946034,0.3564611817898709,-0.10643126226182176,0.012185438984431585,-0.13466271353874504,-0.014140960464658292,0.012185438984431585,0.0764334295062344,False,False
_E_ HOSPITAL - LEVEL 1_542078,host,518869,Walls,-8.0,0.15942551659856716,150.0,96.0,True,0.34045938789495267,0.0,260,62,21,10.056081951115061,3.3464565346546635,3.004994042796613,0.054219923574521545,-0.22591984557851674,-0.05733513010628144,0.058814444021550116,0.058814444021550116,0.36891487182471966,False,False
_E_ HOSPITAL - LEVEL 1_542078,host,518870,Walls,-8.0,0.15942551659856716,150.0,96.0,True,0.34045938789495267,0.0,83,9,21,1.4545841664797194,3.5098687125603476,0.41442694459606794,-0.03579548312291081,0.016040966030288928,-0.27838041245792056,0.11644754846739147,0.11644754846739147,0.7304197656176078,False,False
_E_ HOSPITAL - LEVEL 1_542078,host,518871,Walls,-8.0,0.15942551659856716,150.0,96.0,True,0.34045938789495267,0.0,269,64,22,10.368953888962665,3.4368773248765763,3.016969448956119,-0.23560693446660252,0.0698861078122377,0.044051898522042165,0.026432141769930695,0.0698861078122377,0.4383621223458893,False,False
_E_ HOSPITAL - LEVEL 1_542078,host,518872,Walls,-8.0,0.15942551659856716,150.0,96.0,True,0.34045938789495267,0.0,3017,208,709,33.15224966684093,113.18940155013755,0.2928918186050843,0.01806331821552476,-0.009805532554480578,-0.19405338604087774,0.037343104287486995,0.037343104287486995,0.2342354290845222,False,False
_E_ HOSPITAL - LEVEL 1_542078,host,518873,Walls,-8.0,0.15942551659856716,150.0,96.0,True,0.34045938789495267,0.0,305,73,25,12.011240942003099,3.911502483427711,3.0707486427255084,-0.12526741319038592,-0.24791081711731522,0.0506063217400623,0.02352910979639944,0.0506063217400623,0.317429247336164,False,False
_E_ HOSPITAL - LEVEL 1_542078,host,518874,Walls,-8.0,0.15942551659856716,150.0,96.0,True,0.34045938789495267,0.0,34,6,10,0.8477449804553885,1.4100977237494732,0.6011959073313164,0.04368115778345327,0.0651269613526324,0.07061292574223899,0.11354451649388864,0.11354451649388864,0.7122104347937808,False,False
_E_ HOSPITAL - LEVEL 1_542078,host,518876,Walls,-8.0,0.15942551659856716,150.0,96.0,True,0.34045938789495267,0.0,118,29,12,5.0936099291052415,1.9122894285503094,2.6636187247903496,-0.20702282152717544,-0.2632471262196532,-0.01940248095520758,0.020219251587732856,0.020219251587732856,0.12682569276940062,False,False
_E_ HOSPITAL - LEVEL 1_542078,host,518877,Walls,-8.0,0.15942551659856716,150.0,96.0,True,0.34045938789495267,0.0,38,6,10,0.8753872086491015,1.5057447257293148,0.5813649509714227,0.031082463035716046,0.050083427906542966,0.06773017443987328,0.02078026581641268,0.06773017443987328,0.4248389836516422,False,False
_E_ HOSPITAL - LEVEL 1_542078,host,518878,Walls,-8.0,0.15942551659856716,150.0,96.0,True,0.34045938789495267,0.0,1355,319,95,51.279173971072794,15.260035558323032,3.3603574365922384,-0.23441231947350616,-0.18802185665629167,-0.09225635638743768,-0.02235512507176196,-0.02235512507176196,-0.14022300538032492,False,False
_E_ HOSPITAL - LEVEL 1_542078,host,518879,Walls,-8.0,0.15942551659856716,150.0,96.0,True,0.34045938789495267,0.0,34,6,10,0.8484814699218077,1.4126461076550214,0.6006327170860072,0.09322527863241703,0.014846351037249406,0.11394877670485926,0.06766028162572013,0.11394877670485926,0.714746165708102,False,False
_E_ HOSPITAL - LEVEL 1_542078,host,518880,Walls,-8.0,0.15942551659856716,150.0,96.0,True,0.34045938789495267,0.0,120,30,12,5.070618028194815,1.9056447103847418,2.660841236859455,-0.13448679976772837,-0.15336573047005686,0.02393337000741269,-0.01647188120931986,0.02393337000741269,0.15012258086437208,False,False
_E_ HOSPITAL - LEVEL 1_542078,host,518881,Walls,-8.0,0.15942551659856716,150.0,96.0,True,0.34045938789495267,0.0,36,6,10,0.8616642190575021,1.458260752894276,0.5908848725081014,0.10361848479516311,-0.008729604261304758,0.10442130723689758,0.031573105854540984,0.10442130723689758,0.6549849074651584,False,False
_E_ HOSPITAL - LEVEL 1_542078,host,518882,Walls,-8.0,0.15942551659856716,150.0,96.0,True,0.34045938789495267,0.0,510,121,39,19.447853463032857,6.060702521476017,3.2088447492876697,0.08946893421790492,-0.2468348888241394,0.056376320173157524,0.10051630569495273,0.10051630569495273,0.6304907008584605,False,False
_E_ HOSPITAL - LEVEL 1_542078,host,518883,Walls,-8.0,0.15942551659856716,150.0,96.0,True,0.34045938789495267,0.0,3092,213,727,33.96289073317621,115.9943631159066,0.2927977689677818,-0.003736189491121422,-0.001519508190256147,0.04557643011960977,-0.13758897886785348,0.04557643011960977,0.2858791433893926,False,False
_E_ HOSPITAL - LEVEL 1_542078,host,518884,Walls,-8.0,0.15942551659856716,150.0,96.0,True,0.34045938789495267,0.0,170,41,16,6.695497152565906,2.3752389330290953,2.818873107652909,-0.24184147405406975,0.08279050202941107,0.13319633664005437,0.042372995907925315,0.13319633664005437,0.8354769015768174,False,False
_E_ HOSPITAL - LEVEL 1_542078,host,518885,Walls,-8.0,0.15942551659856716,150.0,96.0,True,0.34045938789495267,0.0,547,41,130,6.48697354389418,20.922826646797887,0.31004288538073665,0.05669754131525906,-0.007224904668191812,-0.004172700506359206,-0.19333678847780789,0.05669754131525906,0.3556365538273478,False,False
_E_ HOSPITAL - LEVEL 1_542078,host,518886,Walls,-8.0,0.15942551659856716,150.0,96.0,True,0.34045938789495267,0.0,169,40,15,6.695497152565736,2.37523893302901,2.8188731076529385,-0.04221297887147557,-0.2762635097515158,-0.09418810720390525,0.11033192315335327,0.11033192315335327,0.6920593736018346,False,False
_E_ HOSPITAL - LEVEL 1_542078,host,518887,Walls,-8.0,0.15942551659856716,150.0,96.0,True,0.34045938789495267,0.0,1476,104,348,16.486594235020107,55.52331862445641,0.2969309948227454,0.12292260293025947,-0.02926311169943574,0.08453451325448214,-0.12777336140959505,0.12292260293025947,0.7710346847410764,False,False
_E_ HOSPITAL - LEVEL 1_542078,host,518888,Walls,-8.0,0.15942551659856716,150.0,96.0,True,0.34045938789495267,0.0,309,74,25,12.132689454744536,3.9475159950937098,3.073499757777807,-0.11520494363230682,-0.21999628281821515,0.03471928673175739,0.0034026331387053688,0.03471928673175739,0.21777747673341669,False,False
_E_ HOSPITAL - LEVEL 1_542078,host,518889,Walls,-8.0,0.15942551659856716,150.0,96.0,True,0.34045938789495267,0.0,39,6,11,0.8969048840649521,1.5798809766182842,0.5677040848892085,0.00040076473101180454,0.059247450795510304,0.12471742261229224,0.049082283353754974,0.12471742261229224,0.7822927300046343,False,False
_E_ HOSPITAL - LEVEL 1_542078,host,518890,Walls,-8.0,0.15942551659856716,150.0,96.0,True,0.34045938789495267,0.0,128,31,12,5.419352281663578,2.006829418084891,2.7004548731577014,-0.2788432239249232,-0.19831804318312152,-0.05280782883320967,-0.04091539006884659,-0.04091539006884659,-0.25664266888889176,False,False
_E_ HOSPITAL - LEVEL 1_542078,host,518891,Walls,-8.0,0.15942551659856716,150.0,96.0,True,0.34045938789495267,0.0,39,6,10,0.8969047563915638,1.5798724665856128,0.5677070620326307,0.019856006129032266,0.03979233707076446,0.033058399322612786,-0.018675699922511058,0.03979233707076446,0.24959829467550929,False,False
_E_ HOSPITAL - LEVEL 1_542078,host,518892,Walls,-8.0,0.15942551659856716,150.0,96.0,True,0.34045938789495267,0.0,40,11,6,1.9372603014925858,1.0002164770176307,1.9368410199249675,-0.2182539116668636,0.034674292758609226,0.06087829561047897,-0.10454167303674922,0.06087829561047897,0.3818604255413535,False,False
_E_ HOSPITAL - LEVEL 1_542078,host,518893,Walls,-8.0,0.15942551659856716,150.0,96.0,True,0.34045938789495267,0.0,26,5,8,0.8274775033468131,1.339714703368486,0.617652027902852,-0.1061576701802096,0.07580774982625371,-0.1772319809354599,0.11292141035556824,0.11292141035556824,0.7083019880682208,False,False
_E_ HOSPITAL - LEVEL 1_542078,host,518894,Walls,-8.0,0.15942551659856716,150.0,96.0,True,0.34045938789495267,0.0,128,32,12,5.419352281663521,2.0068294180848056,2.700454873157788,-0.1359780063571634,-0.18175774415220758,-0.11664695583490925,0.022923736932938255,0.022923736932938255,0.14378963557421073,False,False
_E_ HOSPITAL - LEVEL 1_542078,host,518895,Walls,-8.0,0.15942551659856716,150.0,96.0,True,0.34045938789495267,0.0,39,6,11,0.8969047563915638,1.5798724665855275,0.5677070620326613,0.0032957070982320147,0.05635263610156471,0.12864478891947329,0.045163427079216945,0.12864478891947329,0.8069272200848524,False,False
_E_ HOSPITAL - LEVEL 1_542078,host,518896,Walls,-8.0,0.15942551659856716,150.0,96.0,True,0.34045938789495267,0.0,215,52,18,8.707945537583612,2.957489391518777,2.94437084459389,-0.23481421069777753,-0.18300446376036916,-0.04712754670947561,-0.04070254603510648,-0.04070254603510648,-0.2553076000850939,False,False
_E_ HOSPITAL - LEVEL 1_542078,host,518897,Walls,-8.0,0.15942551659856716,150.0,96.0,True,0.34045938789495267,0.0,39,6,11,0.8968989035948312,1.5798602887111883,0.5677077334012234,-0.03659105432683418,0.0962452503234772,0.04287058917094555,0.13094980470208384,0.13094980470208384,0.8213854814208628,False,False
_E_ HOSPITAL - LEVEL 1_542078,host,518898,Walls,-8.0,0.15942551659856716,150.0,96.0,True,0.34045938789495267,0.0,128,32,12,5.419352281663521,2.006829418084749,2.7004548731578644,-0.15641550685438688,-0.1613202436549841,0.02475016641710681,-0.11847338531902096,0.02475016641710681,0.15524595400513982,False,False
_E_ HOSPITAL - LEVEL 1_542078,host,518899,Walls,-8.0,0.15942551659856716,150.0,96.0,True,0.34045938789495267,0.0,39,7,11,0.8968987758907474,1.5798517786874982,0.5677107105806273,0.14228970370049865,0.07679013659873135,0.11063708247104387,0.0631918214256757,0.14228970370049865,0.8925152430823453,False,False
_E_ HOSPITAL - LEVEL 1_542078,host,518900,Walls,-8.0,0.15942551659856716,150.0,96.0,True,0.34045938789495267,0.0,410,97,31,15.904290925006705,5.037812345407929,3.156983594179287,-0.2552457306941278,-0.18477008425162467,-0.0729264912657186,-0.022694839586677062,-0.022694839586677062,-0.1423538720205159,False,False
_E_ HOSPITAL - LEVEL 1_542078,host,518901,Walls,-8.0,0.15942551659856716,150.0,96.0,True,0.34045938789495267,0.0,37,6,10,0.8968989035947175,1.5798602887110746,0.5677077334011923,-0.034825433835692365,0.09447962983233538,0.017071644614873094,-0.002676767340233255,0.09447962983233538,0.5926255209837878,False,False
_E_ HOSPITAL - LEVEL 1_542078,host,518902,Walls,-8.0,0.15942551659856716,150.0,96.0,True,0.34045938789495267,0.0,129,32,12,5.419352281663635,2.006829418084749,2.7004548731579208,-0.15464988636324506,-0.1630858641462396,-0.001048778139136175,-0.09267444076277798,-0.001048778139136175,-0.006578483554655773,False,False
_E_ HOSPITAL - LEVEL 1_542078,host,518903,Walls,-8.0,0.15942551659856716,150.0,96.0,True,0.34045938789495267,0.0,38,7,11,0.8968987758907474,1.5798517786873845,0.5677107105806681,0.14405532419164047,0.07502451610747585,0.08483813791480088,0.08899076598203237,0.14405532419164047,0.903590135789688,False,False
_E_ HOSPITAL - LEVEL 1_542078,host,518904,Walls,-8.0,0.15942551659856716,150.0,96.0,True,0.34045938789495267,0.0,226,55,19,9.021351771621426,3.048089015002745,2.959674644414314,-0.09405459360419854,-0.1588937650960247,-0.02210830459949875,0.003104104969565924,0.003104104969565924,0.01947056553927969,False,False
_E_ HOSPITAL - LEVEL 1_542078,host,518905,Walls,-8.0,0.15942551659856716,150.0,96.0,True,0.34045938789495267,0.0,39,7,11,0.896898903594888,1.5798602887110178,0.5677077334013206,0.0987237636073246,0.1203559489877648,0.06788983128097925,0.10593056259222067,0.1203559489877648,0.7549352923899919,False,False
_E_ HOSPITAL - LEVEL 1_542078,host,518906,Walls,-8.0,0.15942551659856716,150.0,96.0,True,0.34045938789495267,0.0,129,32,12,5.419352281663635,2.006829418084749,2.7004548731579208,-0.1805262055186745,-0.13720954499081017,-0.1096561080715901,0.015932889169675946,0.015932889169675946,0.09993939182141652,False,False
_E_ HOSPITAL - LEVEL 1_542078,host,518907,Walls,-8.0,0.15942551659856716,150.0,96.0,True,0.34045938789495267,0.0,39,7,11,0.8968987758906337,1.5798517786873276,0.5677107105806165,0.11817900503626788,0.1009008352630758,0.13565632458102073,0.03817257931586937,0.13565632458102073,0.8509072291269586,False,False
_E_ HOSPITAL - LEVEL 1_542078,host,518908,Walls,-8.0,0.15942551659856716,150.0,96.0,True,0.34045938789495267,0.0,45,12,7,2.108179354512572,1.0496258383131476,2.008505581284684,-0.2793564293582449,0.08428327402850755,0.11406685957354057,-0.047714081696710764,0.11406685957354057,0.7154868430551208,False,False
_E_ HOSPITAL - LEVEL 1_542078,host,518909,Walls,-8.0,0.15942551659856716,150.0,96.0,True,0.34045938789495267,0.0,25,5,8,0.8274715228768628,1.3396940154613048,0.6176571017912136,0.003658865148395307,-0.03400280503240083,-0.12404341697259724,0.05975353429977304,0.05975353429977304,0.3748053359001007,False,False
_E_ HOSPITAL - LEVEL 1_542078,host,518910,Walls,-8.0,0.15942551659856716,150.0,96.0,True,0.34045938789495267,0.0,129,31,12,5.419350487915381,2.006828899544246,2.700454677100835,-0.18559296809718262,-0.29156650526266503,-0.06347856123875317,-0.030244139122657998,-0.030244139122657998,-0.18970701659266143,False,False
_E_ HOSPITAL - LEVEL 1_542078,host,518911,Walls,-8.0,0.15942551659856716,150.0,96.0,True,0.34045938789495267,0.0,37,7,10,0.8968966233929905,1.5798524009358061,0.5677091245117106,0.11311224245781659,0.10596975033917033,0.022407836275078807,-0.008005071225170468,0.11311224245781659,0.7094989865557895,False,False
_E_ HOSPITAL - LEVEL 1_542078,host,525969,Walls,-9.5,0.15942551659856716,150.0,96.0,True,0.34045938789495267,0.0,274,19,66,2.897165376459917,10.419253149426403,0.2780588334797692,0.09504306127175255,0.03687637764108587,0.0355280813058485,0.06730286477316838,0.09504306127175255,0.5961596568701772,False,False
_E_ HOSPITAL - LEVEL 1_542078,host,526161,Walls,-9.5,0.15942551659856716,150.0,96.0,True,0.34045938789495267,0.0,548,130,34,20.964326679098992,5.379551841217175,3.8970396229801203,-0.2348912817000759,-0.004118239585139349,-0.06674123621689532,0.10765695935110386,0.10765695935110386,0.6752806053135376,False,False
_E_ HOSPITAL - LEVEL 1_542078,host,526534,Walls,-9.5,0.15942551659856716,150.0,96.0,True,0.34045938789495267,0.0,42,5,11,0.8488013048012064,1.6613195273298373,0.510919959007191,-0.03437534437453138,-0.01729837743381779,0.0019120451394698534,0.09044911011491052,0.09044911011491052,0.5673439989074085,False,False
_E_ HOSPITAL - LEVEL 1_542078,host,526575,Walls,-9.5,0.15942551659856716,150.0,96.0,True,0.34045938789495267,0.0,27,8,5,1.4933109125527935,0.8095047357933112,1.8447216508120303,0.10502248442984552,-0.3229292641941015,-0.0003380756279582897,-0.012039077172495638,0.10502248442984552,0.658755804406717,False,False
_E_ HOSPITAL - LEVEL 1_542078,host,526581,Walls,-9.5,0.15942551659856716,150.0,96.0,True,0.34045938789495267,0.0,448,34,130,5.44040754995882,21.292280303961093,0.2555107988573078,-0.008822338368048577,-0.011117647239501594,-0.23518467547715716,-0.3317784706702156,-0.008822338368048577,-0.055338308172230614,False,False
_E_ HOSPITAL - LEVEL 1_542078,host,526587,Walls,-9.5,0.15942551659856716,150.0,96.0,True,0.34045938789495267,0.0,45,12,5,1.7367409915980332,0.8664420953001155,2.004451308424098,0.09366584891946417,0.08269935866533729,-0.0255261378984315,-0.04378837440882677,0.09366584891946417,0.5875210626120436,False,False
_E_ HOSPITAL - LEVEL 1_542078,host,526593,Walls,-9.5,0.15942551659856716,150.0,96.0,True,0.34045938789495267,0.0,38,5,10,0.8854212050705783,1.8178843082471658,0.4870613608653216,-0.06850479345560245,-0.019788828622118615,-0.313516234159799,0.08988709189834765,0.08988709189834765,0.5638187274919296,False,False
_E_ HOSPITAL - LEVEL 1_542078,host,526599,Walls,-9.5,0.15942551659856716,150.0,96.0,True,0.34045938789495267,0.0,30,8,5,1.493311041651559,0.8095047659890113,1.8447217414799384,0.07089290625000899,-0.28879981511303043,0.00022391239289731857,-0.012601095389165096,0.07089290625000899,0.444677287316039,False,False
_E_ HOSPITAL - LEVEL 1_542078,host,526605,Walls,-9.5,0.15942551659856716,150.0,96.0,True,0.34045938789495267,0.0,466,38,147,6.042539793916454,23.866637474927884,0.25317935131265124,-0.007382094111221704,0.023011930940334935,-0.23462268745630865,-0.19646384748216406,0.023011930940334935,0.14434283439255768,False,False
_E_ HOSPITAL - LEVEL 1_542078,host,526611,Walls,-9.5,0.15942551659856716,150.0,96.0,True,0.34045938789495267,0.0,43,12,5,1.7367409915980545,0.8664420953001724,2.0044513084239908,0.0951060931762342,0.0812591144084891,-0.0014152444879158566,-0.0678992678194561,0.0951060931762342,0.5965550258539288,False,False
_E_ HOSPITAL - LEVEL 1_542078,host,526617,Walls,-9.5,0.15942551659856716,150.0,96.0,True,0.34045938789495267,0.0,39,5,10,0.885421205070557,1.8178843082471303,0.48706136086531937,-0.06706454919878269,-0.02122907287897391,-0.2894053407491839,0.06577619848776806,0.06577619848776806,0.41258262724274103,False,False
_E_ HOSPITAL - LEVEL 1_542078,host,526623,Walls,-9.5,0.15942551659856716,150.0,96.0,True,0.34045938789495267,0.0,30,8,5,1.4933110416515873,0.80950476598899,1.844721741480022,0.07233315050679323,-0.2902400593698431,0.024334805803562176,-0.036711988799751794,0.07233315050679323,0.4537112505580134,False,False
_E_ HOSPITAL - LEVEL 1_542078,host,526629,Walls,-9.5,0.15942551659856716,150.0,96.0,True,0.34045938789495267,0.0,291,26,95,4.1023803111480674,15.571676480220347,0.2634514219685366,0.021111433731171303,0.02157168668349385,-0.21051179404571485,-0.21574060931074257,0.02157168668349385,0.1353088711502267,False,False
_E_ HOSPITAL - LEVEL 1_542078,host,526658,Walls,-9.5,0.15942551659856716,150.0,96.0,True,0.34045938789495267,0.0,28,8,5,1.4933110416517366,0.8095047659890753,1.8447217414800121,0.1235996210186272,-0.3415065298818263,0.017861517340648447,-0.03023870033692333,0.1235996210186272,0.7752812953390051,False,False
_E_ HOSPITAL - LEVEL 1_542078,host,526732,Walls,-9.5,0.15942551659856716,150.0,96.0,True,0.34045938789495267,0.0,1925,67,262,10.686816815689347,41.61990097028273,0.25677179826352553,0.007183107675768241,-0.012490311261078801,0.03842930541123124,0.1111550731305968,0.1111550731305968,0.6972225996324344,False,False
_E_ HOSPITAL - LEVEL 1_542078,host,526758,Walls,-9.5,0.15942551659856716,150.0,96.0,True,0.34045938789495267,0.0,40,6,11,0.8284838757594812,1.5744543583008408,0.5262038060306716,0.07530363726588263,0.052765586565996614,0.1241435375271891,0.05508278675618783,0.1241435375271891,0.7786930233996484,False,False
_E_ HOSPITAL - LEVEL 1_542078,host,526764,Walls,-9.5,0.15942551659856716,150.0,96.0,True,0.34045938789495267,0.0,245,60,17,9.754512109667502,2.7417679317103136,3.5577453499438376,-0.31896847918193316,0.12998736542843403,0.03882205043409215,-0.07035619996877074,0.12998736542843403,0.8153485602668092,False,False
_E_ HOSPITAL - LEVEL 1_542078,host,526770,Walls,-9.5,0.15942551659856716,150.0,96.0,True,0.34045938789495267,0.0,232,18,61,2.803450038463943,10.018227888775712,0.279834923859627,0.038710082169274074,0.02749917814097813,-0.28694840859985504,-0.006322967663237478,0.038710082169274074,0.2428098274051444,False,False
_E_ HOSPITAL - LEVEL 1_542078,host,526776,Walls,-9.5,0.15942551659856716,150.0,96.0,True,0.34045938789495267,0.0,235,56,17,9.511082159720871,2.684830602399188,3.542525979561498,-0.346664056061762,-0.23658917413934688,-0.025211181871355848,0.050614361647859596,0.050614361647859596,0.3174796778316633,False,False
_E_ HOSPITAL - LEVEL 1_542078,host,526782,Walls,-9.5,0.15942551659856716,150.0,96.0,True,0.34045938789495267,0.0,39,5,10,0.8178555742880107,1.5290141009771787,0.534890799087678,-0.010087438788339398,-0.010640552506870904,0.07727700541610716,-0.012035940407571388,0.07727700541610716,0.4847216873738623,False,False
_E_ HOSPITAL - LEVEL 1_542078,host,526788,Walls,-9.5,0.15942551659856716,150.0,96.0,True,0.34045938789495267,0.0,29,8,6,1.4884424426528895,0.8083660194028113,1.8412976386024882,0.13417885991593437,-0.3472171697802864,0.10328569128508036,0.044901388903525685,0.13417885991593437,0.8416398000691209,False,False
_E_ HOSPITAL - LEVEL 1_542078,host,526794,Walls,-9.5,0.15942551659856716,150.0,96.0,True,0.34045938789495267,0.0,160,14,49,2.3498322498194355,8.078829660573149,0.2908629527476295,0.08182452188473377,-0.19969953932421447,-0.29098642516274253,0.024007077919378617,0.08182452188473377,0.5132460827507782,False,False
_E_ HOSPITAL - LEVEL 1_542078,host,527166,Walls,-9.5,0.15942551659856716,150.0,96.0,True,0.34045938789495267,0.0,171,16,53,2.422525651315027,8.389623147054238,0.28875261842549194,0.05926496964532646,0.06901764461672144,0.021543780056987316,0.03838545261285731,0.06901764461672144,0.43291466817390095,False,False
_E_ HOSPITAL - LEVEL 1_542078,host,527401,Walls,-9.5,0.15942551659856716,150.0,96.0,True,0.34045938789495267,0.0,95,12,34,1.726036695990544,5.411853139499158,0.3189363516524177,0.09549230633614769,0.09157719685608612,0.007165405363508626,0.0014490194886036534,0.09549230633614769,0.5989775562502768,False,False
_E_ HOSPITAL - LEVEL 1_542078,host,527407,Walls,-9.5,0.15942551659856716,150.0,96.0,True,0.34045938789495267,0.0,26,7,4,1.3821446978430671,0.7835033856036944,1.7640570841670529,-0.2987798101116823,0.03261372845859256,-0.06696969889685533,-0.07883162031259872,0.03261372845859256,0.20457031693812106,False,False
_E_ HOSPITAL - LEVEL 1_542078,host,527413,Walls,-9.5,0.15942551659856716,150.0,96.0,True,0.34045938789495267,0.0,28,6,7,0.8355061463744633,1.604477385460683,0.5207341368258487,0.03149589544725728,0.08955105776969674,-0.27847298825599864,-0.21002578101470704,0.08955105776969674,0.5617109461541591,False,False
_E_ HOSPITAL - LEVEL 1_542078,host,527419,Walls,-9.5,0.15942551659856716,150.0,96.0,True,0.34045938789495267,0.0,40,11,6,1.6255746477894775,0.8404407149148199,1.934193119087802,0.0656970930516465,0.06240894174309375,0.09129156584199905,0.02482081883454157,0.09129156584199905,0.5726283206713444,False,False
_E_ HOSPITAL - LEVEL 1_542078,host,527425,Walls,-9.5,0.15942551659856716,150.0,96.0,True,0.34045938789495267,0.0,31,5,10,0.8990254708191614,1.8760480080607636,0.4792124012585731,0.02931988463360824,-0.1312177724599124,-0.30298055060580964,0.02118770853070373,0.02931988463360824,0.18390961032565192,False,False
_E_ HOSPITAL - LEVEL 1_542078,host,527449,Walls,-9.5,0.15942551659856716,150.0,96.0,True,0.34045938789495267,0.0,174,16,53,2.425145688988618,8.40082486036681,0.28867947246822223,0.004140294720603066,0.12152228186785408,0.024363149445662202,0.024364369911609174,0.12152228186785408,0.7622511405990718,False,False
_E_ HOSPITAL - LEVEL 1_542078,host,527473,Walls,-9.5,0.15942551659856716,150.0,96.0,True,0.34045938789495267,0.0,172,15,53,2.4203125039518163,8.380161053234502,0.28881455721159977,-0.016206110155632558,-0.012723644817668855,0.02118648806475676,0.048204838424766194,0.048204838424766194,0.3023658913155401,False,False
_E_ HOSPITAL - LEVEL 1_542078,host,527497,Walls,-9.5,0.15942551659856716,150.0,96.0,True,0.34045938789495267,0.0,97,11,34,1.7163873241033833,5.370598199305675,0.3195895988505121,0.029670598422192995,0.007622760058698219,-0.0026539804484002616,0.052523345493995066,0.052523345493995066,0.32945382028303943,False,False
_E_ HOSPITAL - LEVEL 1_542078,host,527503,Walls,-9.5,0.15942551659856716,150.0,96.0,True,0.34045938789495267,0.0,26,7,5,1.3715960666787304,0.781036101333541,1.7561237749917928,-0.3646015180256832,0.10898406753693024,0.04138149169631333,-0.025290010036997046,0.10898406753693024,0.6836049201041745,False,False
_E_ HOSPITAL - LEVEL 1_542078,host,527509,Walls,-9.5,0.15942551659856716,150.0,96.0,True,0.34045938789495267,0.0,25,5,6,0.8356959374721953,1.6052888186272298,0.5205891474325751,-0.04506423472881238,0.0064958802494743395,-0.3320145985316003,-0.31672112050426904,0.0064958802494743395,0.04074554932025681,False,False
_E_ HOSPITAL - LEVEL 1_542078,host,527515,Walls,-9.5,0.15942551659856716,150.0,96.0,True,0.34045938789495267,0.0,41,11,6,1.61502601662513,0.8379734306446665,1.927299789663575,-0.0003144059600188598,0.13896907191910657,0.04102867300315438,0.07755099594359649,0.13896907191910657,0.8716865084340931,False,False
_E_ HOSPITAL - LEVEL 1_542078,host,527521,Walls,-9.5,0.15942551659856716,150.0,96.0,True,0.34045938789495267,0.0,32,6,10,0.9013353168089786,1.885923527346364,0.47792781824893243,0.12042405623063601,-0.06520627344825414,-0.19381792684609422,-0.09785043451455522,0.12042405623063601,0.7553624965435322,False,False
_E_ HOSPITAL - LEVEL 1_542078,host,527593,Walls,-9.5,0.15942551659856716,150.0,96.0,True,0.34045938789495267,0.0,483,38,148,6.050804060650833,23.901970534271925,0.25315084595116816,-0.023052540169040014,0.030418110263774167,-0.01602422410715576,-0.2909698535768541,0.030418110263774167,0.19079825433695694,False,False
_E_ HOSPITAL - LEVEL 1_542078,host,527601,Walls,-9.5,0.15942551659856716,150.0,96.0,True,0.34045938789495267,0.0,36,11,5,1.6150260166264125,0.8379734306454338,1.9272997896633406,0.07943564711835549,0.05921901883950653,-0.06633475499199903,0.02548890733942244,0.07943564711835549,0.49826181412586634,False,False
_E_ HOSPITAL - LEVEL 1_542078,host,527607,Walls,-9.5,0.15942551659856716,150.0,96.0,True,0.34045938789495267,0.0,150,13,46,2.215895329980892,7.506195536585466,0.29520884703583045,0.059331070847033374,-0.2026946850465876,-0.2233679993095734,0.0507462262581555,0.059331070847033374,0.3721554247581884,False,False
_E_ HOSPITAL - LEVEL 1_542078,host,527613,Walls,-9.5,0.15942551659856716,150.0,96.0,True,0.34045938789495267,0.0,116,35,11,5.814107290832336,1.8201223953313956,3.194349624918352,-0.3349410456007682,0.10072683571831931,-0.1162669056664356,0.04982519291925769,0.10072683571831931,0.6318112549821563,False,False
_E_ HOSPITAL - LEVEL 1_542078,host,527619,Walls,-9.5,0.15942551659856716,150.0,96.0,True,0.34045938789495267,0.0,218,18,67,3.030060609122117,10.987079089562542,0.27578399904307604,-0.16624751512653546,0.005846204778670483,0.03887744607004606,-0.344446923528551,0.03887744607004606,0.24385962109151776,False,False
_E_ HOSPITAL - LEVEL 1_542078,host,528453,Walls,-9.5,0.15942551659856716,150.0,96.0,True,0.34045938789495267,0.0,1030,245,60,39.26520036840569,9.64420444765625,4.071377849932244,-0.20372529674868645,-0.0022235050080183782,-0.06361074121747379,-0.015062710524773593,-0.0022235050080183782,-0.013946983239936147,False,False
_E_ HOSPITAL - LEVEL 1_542078,host,528459,Walls,-9.5,0.15942551659856716,150.0,96.0,True,0.34045938789495267,0.0,1397,81,332,12.959649395861192,53.32618441068621,0.24302600193656768,-0.10089637568034959,0.054713824303092906,-0.3422418980438522,-0.05467100191808072,0.054713824303092906,0.3431936459761464,False,False
_E_ HOSPITAL - LEVEL 1_542078,host,528465,Walls,-9.5,0.15942551659856716,150.0,96.0,True,0.34045938789495267,0.0,81,19,14,3.3526594548580917,2.1642873736100228,1.5490823888446335,0.06895138776723542,-0.39252602725251506,-0.018867325010035074,0.08653718377996711,0.08653718377996711,0.5428063563868977,False,False
_E_ HOSPITAL - LEVEL 1_542078,host,528471,Walls,-9.5,0.15942551659856716,150.0,96.0,True,0.34045938789495267,0.0,787,100,173,15.936129934600835,27.67341330095786,0.5758642694809619,0.15591100289616122,-0.14948927764024944,0.08155745473973752,-0.17435638414551136,0.15591100289616122,0.9779551368100285,False,False
_E_ HOSPITAL - LEVEL 1_542078,host,528477,Walls,-9.5,0.15942551659856716,150.0,96.0,True,0.34045938789495267,0.0,1580,376,92,60.15669698405424,14.530645178834874,4.139988021431947,0.01709376810757135,-0.22979651110055244,0.036940702191600394,0.09956164604167839,0.09956164604167839,0.6245025775414248,False,False
_E_ HOSPITAL - LEVEL 1_542078,host,528481,Walls,-9.5,0.15942551659856716,150.0,96.0,True,0.34045938789495267,0.0,452,29,108,4.529220489883478,17.39658967165184,0.26035105588907187,0.07403109741869329,0.020088394056298142,0.056185915155055,-0.2348197941616661,0.07403109741869329,0.4643616592763084,False,False
_E_ HOSPITAL - LEVEL 1_542078,host,528487,Walls,-9.5,0.15942551659856716,150.0,96.0,True,0.34045938789495267,0.0,116,29,10,4.739129193635982,1.568689151657935,3.0210760293887633,-0.2179674860263212,0.10217827374880883,-0.04630227213240801,0.07186828646013055,0.10217827374880883,0.6409154314117316,False,False
_E_ HOSPITAL - LEVEL 1_542078,host,528493,Walls,-9.5,0.15942551659856716,150.0,96.0,True,0.34045938789495267,0.0,220,18,67,3.008614215081618,10.895387141749325,0.2761365131811705,-0.1676989531570836,0.02874403684966076,0.10852630034239041,-0.322403829987735,0.10852630034239041,0.680733565478475,False,False
_E_ HOSPITAL - LEVEL 1_542078,host,528499,Walls,-9.5,0.15942551659856716,150.0,96.0,True,0.34045938789495267,0.0,906,217,53,34.676058952015715,8.570821915483322,4.045826560621086,0.12538071287294628,-0.20610256299958962,-0.1066480726071859,-0.014621463152053593,0.12538071287294628,0.7864532325064025,False,False
_E_ HOSPITAL - LEVEL 1_542078,host,528503,Walls,-9.5,0.15942551659856716,150.0,96.0,True,0.34045938789495267,0.0,947,56,225,8.958754919189616,36.334628344317224,0.24656244820488923,0.02289252558549748,-0.053818515255350974,-0.21323057367817455,-0.2506565359614399,0.02289252558549748,0.14359386172252947,False,False
_E_ HOSPITAL - LEVEL 1_542078,host,528507,Walls,-9.5,0.15942551659856716,150.0,96.0,True,0.34045938789495267,0.0,25,8,4,1.0875944584077786,0.71460921713728,1.5219429477339728,0.13914000234864687,0.04866967203211203,-0.09225863245112009,0.015351481708080428,0.13914000234864687,0.8727586732492821,False,False
_E_ HOSPITAL - LEVEL 1_542078,host,528537,Walls,-9.5,0.15942551659856716,150.0,96.0,True,0.34045938789495267,0.0,19,5,5,0.6956301073668882,1.0064511417590722,0.691171263565828,0.03665181506119097,0.06484566056477803,0.05572241735129069,-0.2650459761175057,0.06484566056477803,0.4067458080004793,False,False
_E_ HOSPITAL - LEVEL 1_542078,host,528548,Walls,-9.5,0.15942551659856716,150.0,96.0,True,0.34045938789495267,0.0,191,46,14,7.5636425601493045,2.2293319679103263,3.392784326884756,0.09935765926789486,-0.3294264558830946,-0.035557155369417615,0.03818241983898929,0.09935765926789486,0.6232230660922182,False,False
_E_ HOSPITAL - LEVEL 1_542078,host,528554,Walls,-9.5,0.15942551659856716,150.0,96.0,True,0.34045938789495267,0.0,1044,61,248,9.767644577602695,39.792956499889456,0.2454616453952053,-0.0031305280195539353,-0.039557537070521676,0.06631906975441382,-0.32174745319920817,0.06631906975441382,0.41598779900086497,False,False
_E_ HOSPITAL - LEVEL 1_542078,host,528560,Walls,-9.5,0.15942551659856716,150.0,96.0,True,0.34045938789495267,0.0,507,121,32,19.818200204208566,5.095625882423505,3.8892573084236965,-0.3177470714981183,-0.20996562428382504,-0.03616911753304919,0.04215976626369411,0.04215976626369411,0.26444804547726347,False,False
_E_ HOSPITAL - LEVEL 1_542078,host,528566,Walls,-9.5,0.15942551659856716,150.0,96.0,True,0.34045938789495267,0.0,25,5,7,0.6956301073668936,1.0064511417591007,0.6911712635658138,0.012086532313755782,0.08941094331220789,0.1243050374782797,-0.014777563047402964,0.1243050374782797,0.7797060353348536,False,False
_E_ HOSPITAL - LEVEL 1_542078,host,528601,Walls,-9.5,0.15942551659856716,150.0,96.0,True,0.34045938789495267,0.0,1722,99,409,15.689088867737928,65.10950900768442,0.24096463184642128,0.007217273968826987,0.08682000155137537,0.07515865760487372,0.0203686235246181,0.08682000155137537,0.5445803369732074,False,False
_E_ HOSPITAL - LEVEL 1_542078,host,528610,Walls,-9.5,0.15942551659856716,150.0,96.0,True,0.34045938789495267,0.0,541,128,34,21.01314729468916,5.375119412348752,3.909335901712944,-0.2992290551761201,-0.30745211489643864,0.026601972417118702,0.018746179585399148,0.026601972417118702,0.16686144718039314,False,False
_E_ HOSPITAL - LEVEL 1_542078,host,536100,Walls,-15.166666666666671,0.15942551659856716,150.0,96.0,True,0.34045938789495267,0.0,274,66,17,10.466308489833324,2.815782063465292,3.717016535346765,0.0316741518819299,0.02410145379016626,-0.05505850888334862,-0.050489772406308475,0.0316741518819299,0.1986768025452619,False,False
_E_ HOSPITAL - LEVEL 1_542078,host,536106,Walls,-15.166666666666671,0.15942551659856716,150.0,96.0,True,0.34045938789495267,0.0,95,9,23,1.3689083700801064,3.9556915268099146,0.3460604450074672,-0.014287686621315743,0.08020896592830695,-0.30389751962553646,0.014992874582617333,0.08020896592830695,0.5031124730821656,False,False
_E_ HOSPITAL - LEVEL 1_542078,host,536112,Walls,-15.166666666666671,0.15942551659856716,150.0,96.0,True,0.34045938789495267,0.0,53,13,6,2.285013267371795,0.9814919987986741,2.3281017778734867,-0.24831547699562861,0.035833925405171385,-0.07958242445948827,0.054643525252231484,0.054643525252231484,0.3427526936595957,False,False
_E_ HOSPITAL - LEVEL 1_542078,host,536118,Walls,-15.166666666666671,0.15942551659856716,150.0,96.0,True,0.34045938789495267,0.0,54,6,14,1.0261916372487008,2.4598042824300705,0.41718426322720015,-0.10088847644246357,0.031249938785123277,0.11199888138537517,-0.33984593143554775,0.11199888138537517,0.7025154051555494,False,False
_E_ HOSPITAL - LEVEL 1_542078,host,536124,Walls,-15.166666666666671,0.15942551659856716,150.0,96.0,True,0.34045938789495267,0.0,525,126,31,20.213270406682255,5.007136493882342,4.036892229995843,-0.22644627053722388,0.10079095527444792,0.007178770225550579,-0.0721242495523029,0.10079095527444792,0.6322134462843809,False,False
_E_ HOSPITAL - LEVEL 1_542078,host,536130,Walls,-15.166666666666671,0.15942551659856716,150.0,96.0,True,0.34045938789495267,0.0,57,7,14,1.0300031440849864,2.478493117619564,0.41557635837788376,0.08850252127692215,-0.0025270491719311394,-0.28226304241923117,0.03572715717956498,0.08850252127692215,0.5551339783315312,False,False
_E_ HOSPITAL - LEVEL 1_542078,host,536136,Walls,-15.166666666666671,0.15942551659856716,150.0,96.0,True,0.34045938789495267,0.0,936,222,55,35.69874532818571,8.646742357847018,4.128577428444909,-0.3055224796030416,-0.0007581637007376685,0.058750502167868035,0.06291055290631675,0.06291055290631675,0.3946078033714345,False,False
_E_ HOSPITAL - LEVEL 1_542078,host,536142,Walls,-15.166666666666671,0.15942551659856716,150.0,96.0,True,0.34045938789495267,0.0,1341,76,319,12.159585962488677,51.019940822396904,0.23833006793984404,-0.06418969355021886,0.020942992552676287,0.00848790392109322,-0.17168893137511532,0.020942992552676287,0.13136537362090325,False,False
_E_ HOSPITAL - LEVEL 1_542078,host,536148,Walls,-15.166666666666671,0.15942551659856716,150.0,96.0,True,0.34045938789495267,0.0,154,38,11,6.238872347770126,1.8921828698547074,3.2971825541625277,0.03295377470416838,-0.2136564917287842,-0.06506642609832625,-0.07343576117216344,0.03295377470416838,0.20670326436605416,False,False
_E_ HOSPITAL - LEVEL 1_542078,host,536154,Walls,-15.166666666666671,0.15942551659856716,150.0,96.0,True,0.34045938789495267,0.0,501,31,119,4.859203229449321,19.179470928529383,0.25335439374509944,0.08882405072236566,-0.005836265616153469,0.08251673815249205,-0.2903511914523733,0.08882405072236566,0.5571507787302599,False,False
_E_ HOSPITAL - LEVEL 1_542078,host,536160,Walls,-15.166666666666671,0.15942551659856716,150.0,96.0,True,0.34045938789495267,0.0,139,34,11,5.680445739299785,1.7641468206463458,3.219939334311523,-0.3495813519344608,0.08960317698594622,-0.021038502427870753,0.010572364365742715,0.08960317698594622,0.5620378650650176,False,False
_E_ HOSPITAL - LEVEL 1_542078,host,536166,Walls,-15.166666666666671,0.15942551659856716,150.0,96.0,True,0.34045938789495267,0.0,2067,116,492,18.47278893543654,78.55484639444168,0.23515785191254124,0.004874482361572063,0.01569650763565278,0.10653489196903365,-0.22402711991568935,0.10653489196903365,0.668242413397901,False,False
_E_ HOSPITAL - LEVEL 1_542078,host,536172,Walls,-15.166666666666671,0.15942551659856716,150.0,96.0,True,0.34045938789495267,0.0,3689,875,204,139.6866098062375,32.48907925839029,4.299494260680333,0.029620194154460933,-0.21890297664569403,0.04578336033890196,-0.012057232621515368,0.04578336033890196,0.287177117664196,False,False
_E_ HOSPITAL - LEVEL 1_542078,host,536176,Walls,-15.166666666666671,0.15942551659856716,150.0,96.0,True,0.34045938789495267,0.0,2632,146,625,23.37307772786238,99.92735568225717,0.233900692841134,-0.0023842530660118655,-0.09456805140563063,-0.3482416405410902,0.06183383238840179,0.06183383238840179,0.38785405064171213,False,False
_E_ HOSPITAL - LEVEL 1_542078,host,536180,Walls,-15.166666666666671,0.15942551659856716,150.0,96.0,True,0.34045938789495267,0.0,1927,458,108,73.22539470464498,17.250852286183374,4.244740693959392,-0.2369837373474155,0.02847563484613147,0.03264382695914492,-0.0655403204972913,0.03264382695914492,0.20475911043363246,False,False
_E_ HOSPITAL - LEVEL 1_542078,host,536184,Walls,-15.166666666666671,0.15942551659856716,150.0,96.0,True,0.34045938789495267,0.0,321,22,77,3.322770638950317,12.478351626887758,0.26628281830034095,0.10024481535378982,0.08434591086432874,-0.28987729705326615,0.08729044825520305,0.10024481535378982,0.628787771823289,False,False
_E_ HOSPITAL - LEVEL 1_542078,host,536188,Walls,-15.166666666666671,0.15942551659856716,150.0,96.0,True,0.34045938789495267,0.0,554,132,33,21.340400367538223,5.354661117364913,3.985387665025582,-0.2937801855261739,-0.002451991001095166,0.007187211092343659,-0.10080628070454623,0.007187211092343659,0.045081936980270416,False,False
_E_ HOSPITAL - LEVEL 1_542078,host,536192,Walls,-15.166666666666671,0.15942551659856716,150.0,96.0,True,0.34045938789495267,0.0,292,19,70,3.0597147560311555,11.331038776756543,0.2700295018235728,-0.08404822567541714,0.053418285017073686,-0.25461133684603965,0.08335872198921379,0.08335872198921379,0.5228693860789596,False,False
_E_ HOSPITAL - LEVEL 1_542078,host,536196,Walls,-15.166666666666671,0.15942551659856716,150.0,96.0,True,0.34045938789495267,0.0,29,7,5,1.3605855127960922,0.773689295621466,1.7585683561812777,0.026762495269053943,-0.27136939187516873,0.043634805962597056,-0.02019651859120586,0.043634805962597056,0.2737002638822826,False,False
_E_ HOSPITAL - LEVEL 1_542078,host,536202,Walls,-15.166666666666671,0.15942551659856716,150.0,96.0,True,0.34045938789495267,0.0,23,4,6,0.7550658702822091,1.2793598242924418,0.5901903873679972,-0.025653451367844582,-0.09171035252001047,-0.3503901949173951,0.0275834702163138,0.0275834702163138,0.1730179133480174,False,False
_E_ HOSPITAL - LEVEL 1_542078,host,536208,Walls,-15.166666666666671,0.15942551659856716,150.0,96.0,True,0.34045938789495267,0.0,74,18,8,3.1052325052969536,1.173701946871745,2.645673813162955,0.09419095965998281,-0.3297641661827413,0.018248439682338358,0.08345374623445423,0.09419095965998281,0.590814831086013,False,False
_E_ HOSPITAL - LEVEL 1_542078,host,536214,Walls,-15.166666666666671,0.15942551659856716,150.0,96.0,True,0.34045938789495267,0.0,277,18,67,2.9421237767020614,10.818168126814612,0.2719613655670153,-0.07275117761543015,0.0002866996876775829,-0.2163510445990937,0.07969252988846165,0.07969252988846165,0.49987311685573604,False,False
_E_ HOSPITAL - LEVEL 1_542078,host,536220,Walls,-15.166666666666671,0.15942551659856716,150.0,96.0,True,0.34045938789495267,0.0,499,135,34,21.701036397779532,5.437347744065619,3.9911069549421927,0.10407478296205852,-0.2826664399351273,0.006982530977609258,-0.023862710691958,0.10407478296205852,0.6528113264586022,False,False
_E_ HOSPITAL - LEVEL 1_542078,host,536226,Walls,-15.166666666666671,0.15942551659856716,150.0,96.0,True,0.34045938789495267,0.0,143,15,55,2.5872474115776782,9.2703821225752,0.27908746126842204,-0.026842022386048825,-0.16902264021317137,-0.22761695330376597,-0.2743617563502312,-0.026842022386048825,-0.16836716580092342,False,False
_E_ HOSPITAL - LEVEL 1_542078,host,536232,Walls,-15.166666666666671,0.15942551659856716,150.0,96.0,True,0.34045938789495267,0.0,22,6,4,0.8427717485791391,0.6549649590830882,1.286743262966265,0.07671321819439925,0.03706813281793586,-0.08105586120035468,0.06379296851156369,0.07671321819439925,0.48118531983536134,False,False
_E_ HOSPITAL - LEVEL 1_542078,host,536238,Walls,-15.166666666666671,0.15942551659856716,150.0,96.0,True,0.34045938789495267,0.0,173,15,54,2.5872474115776924,9.270382122575256,0.2790874612684219,-0.10201599006893503,-0.09384867253029938,-0.3311721938841856,-0.33023203236842846,-0.09384867253029938,-0.588667827664062,False,False
_E_ HOSPITAL - LEVEL 1_542078,host,536245,Walls,-15.166666666666671,0.15942551659856716,150.0,96.0,True,0.34045938789495267,0.0,91,25,9,4.233718575929657,1.4329146950565246,2.954620111396547,-0.08584793124981616,-0.1622327297156687,-0.027523362110684957,0.02943831644125794,0.02943831644125794,0.18465247639989468,False,False
_E_ HOSPITAL - LEVEL 1_542078,host,536252,Walls,-15.166666666666671,0.15942551659856716,150.0,96.0,True,0.34045938789495267,0.0,253,18,60,2.7313496837518585,10.08869328726189,0.270733741821698,0.08651142262695544,0.05179819239538119,-0.22463464824011226,-0.2985276431077182,0.08651142262695544,0.5426447689976183,False,False
_E_ HOSPITAL - LEVEL 1_542078,host,537078,Walls,-1.5,0.15942551659856716,150.0,96.0,True,0.34045938789495267,0.0,1947,361,356,57.66621527900787,56.79327842722111,1.0153704254440146,-0.07953259824972747,-0.034071188675397934,-0.051224350902160154,0.0134298327709379,0.0134298327709379,0.08423891643866625,False,False
_E_ HOSPITAL - LEVEL 1_542078,host,537125,Walls,-1.5,0.15942551659856716,150.0,96.0,True,0.34045938789495267,0.0,272,51,52,8.197714329247049,8.314299988847072,0.985977693882057,0.06628269110552765,-0.13329567382561436,0.10311161940785585,-0.12728474512946342,0.10311161940785585,0.6467698622391201,False,False
_E_ HOSPITAL - LEVEL 1_542078,host,537130,Walls,-1.5,0.15942551659856716,150.0,96.0,True,0.34045938789495267,0.0,1931,359,354,57.48807882371108,56.617872032542145,1.0153698251087353,-0.23385740339352878,-0.020460961431922442,-0.024724781764597026,-0.15651437488477882,-0.020460961431922442,-0.1283418229933861,False,False
_E_ HOSPITAL - LEVEL 1_542078,host,537135,Walls,-1.5,0.15942551659856716,150.0,96.0,True,0.34045938789495267,0.0,259,48,49,8.022307934568062,8.136163533550516,0.9860062302689768,-0.19236731064347623,-0.17751582719336056,-0.16543935966502232,-0.15887386055565145,-0.15887386055565145,-0.9965397255427764,False,False
_E_ HOSPITAL - LEVEL 1_542078,host,537320,Walls,-11.5,0.15942551659856716,150.0,96.0,True,0.34045938789495267,0.0,1419,267,260,42.61071714061865,41.392586697038894,1.0294287103266946,-0.05189909330624687,0.007794884505017308,0.021728603007531433,0.03631901558101447,0.03631901558101447,0.2278118105300898,False,False
_E_ HOSPITAL - LEVEL 1_542078,host,537376,Walls,-11.5,0.15942551659856716,150.0,96.0,True,0.34045938789495267,0.0,1431,262,270,41.93287978552473,43.16718666887972,0.971406362596133,-0.0012651097691787072,-0.16212932693099447,-0.01912968235242829,-0.10316750491413984,-0.0012651097691787072,-0.007935428381670225,False,False
_E_ HOSPITAL - LEVEL 1_542078,host,537379,Walls,-11.5,0.15942551659856716,150.0,96.0,True,0.34045938789495267,0.0,1436,262,270,41.93287978552473,43.16718666887948,0.9714063625961384,-0.02648871603838643,-0.13690572066167306,-0.051179765291664125,-0.07111742197466242,-0.02648871603838643,-0.16615104409593925,False,False
_E_ HOSPITAL - LEVEL 1_542078,host,537382,Walls,-11.5,0.15942551659856716,150.0,96.0,True,0.34045938789495267,0.0,1403,263,255,42.25198811521469,41.044285840977835,1.0294243705181272,-0.1407516302643046,-0.18232561952720516,-0.19588037045832607,-0.19489873788492673,-0.1407516302643046,-0.8828676441972376,False,False
_E_ HOSPITAL - LEVEL 1_542078,host,537570,Floors,5.166666666666671,0.15942551659856716,150.0,96.0,True,0.34045938789495267,0.0,13938,242,259,40.18251333220411,43.19965385048636,0.9301582246764165,-0.7549617422303072,-0.8465765731205579,-0.8983447970617817,-1.0101002543956383,-0.7549617422303072,-4.735513852097453,False,False
_E_ HOSPITAL - LEVEL 1_542078,host,537575,Walls,-9.833333333333329,0.15942551659856716,150.0,96.0,True,0.34045938789495267,0.0,200,40,37,6.4354025525207135,5.870811911835489,1.096169090266206,0.02631491515407447,-0.08469680373204369,0.05820830252955034,-0.03027610021814553,0.05820830252955034,0.3651128362100191,False,False
_E_ HOSPITAL - LEVEL 1_542078,host,537576,Walls,-9.833333333333329,0.15942551659856716,150.0,96.0,True,0.34045938789495267,0.0,1223,215,237,34.29921594313069,37.897935741102685,0.9050417990426598,-0.12480133726174358,0.10207146282300528,-0.1713803665279272,0.05729205928562919,0.10207146282300528,0.6402454575701381,False,False
_E_ HOSPITAL - LEVEL 1_542078,host,537577,Walls,-9.833333333333329,0.15942551659856716,150.0,96.0,True,0.34045938789495267,0.0,186,39,35,6.252236206731908,5.7999395531903986,1.077982994373228,-0.1446175858585832,0.10997652647080258,0.0305041022268,-0.25055057446731155,0.10997652647080258,0.6898301402260659,False,False
_E_ HOSPITAL - LEVEL 1_542078,host,537578,Walls,-9.833333333333329,0.15942551659856716,150.0,96.0,True,0.34045938789495267,0.0,1210,212,234,34.13505651891961,37.615182280506644,0.9074808215567111,-0.13524659448148668,-0.2016004055417966,-0.07576105112673304,-0.23385034531526117,-0.07576105112673304,-0.4752128313154479,False,False
_E_ HOSPITAL - LEVEL 1_542078,host,538272,Walls,-11.5,0.15942551659856716,150.0,96.0,True,0.34045938789495267,0.0,807,108,58,17.179188532212,9.129605163132851,1.88170114974796,0.09819195021524507,-0.059424689782016316,-0.0025063903092359396,0.11958118989332434,0.11958118989332434,0.7500755992180933,False,False
_E_ HOSPITAL - LEVEL 1_542078,host,538278,Walls,-18.5,0.15942551659856716,150.0,96.0,True,0.34045938789495267,0.0,913,127,35,20.16638642393179,5.440465727531631,3.70673898778173,0.017006748628510593,0.06364743545773877,0.008918412870656311,0.13050894054748596,0.13050894054748596,0.8186201514786806,False,False
_E_ HOSPITAL - LEVEL 1_542078,host,538284,Walls,-11.5,0.15942551659856716,150.0,96.0,True,0.34045938789495267,0.0,1351,187,47,30.533015868035033,7.886443991078494,3.8715821608034466,-0.22830860890295313,-0.49213565520003755,-0.3401717182636901,-0.05327299268219576,-0.05327299268219576,-0.33415599848007366,False,False
_E_ HOSPITAL - LEVEL 1_542078,host,538290,Walls,-23.251257735777344,0.15942551659856716,150.0,96.0,True,0.34045938789495267,0.0,1562,56,213,8.818241278582477,34.29697251626763,0.2571142766143524,0.10551641783692389,0.004071233100361837,-0.45848989444448307,0.11915241367168505,0.11915241367168505,0.747386091096762,False,False
_E_ HOSPITAL - LEVEL 1_542078,host,538296,Walls,-18.5,0.15942551659856716,150.0,96.0,True,0.34045938789495267,0.0,6917,668,734,106.55951501642271,117.64610986498394,0.9057631836591561,-0.10118827136251696,0.037918342782660375,-0.01941964722504963,-0.6083610344105637,0.037918342782660375,0.23784362498343736,False,False
_E_ HOSPITAL - LEVEL 1_542078,host,538302,Walls,-18.5,0.15942551659856716,150.0,96.0,True,0.34045938789495267,0.0,1779,242,62,39.097893843896806,9.921749188427171,3.940625095572965,-0.5250356518875847,0.00811682484402354,-0.09100320287419095,0.05363604355819973,0.05363604355819973,0.3364332429497788,False,False
_E_ HOSPITAL - LEVEL 1_542078,host,538308,Walls,-18.5,0.15942551659856716,150.0,96.0,True,0.34045938789495267,0.0,2629,257,280,41.171751338954266,45.35352175655456,0.907796125733148,-0.203164784547198,0.0037712114246346573,-0.0298513814858552,-0.6845257274699463,0.0037712114246346573,0.02365500520302878,False,False
_E_ HOSPITAL - LEVEL 1_542078,host,538314,Walls,-11.5,0.15942551659856716,150.0,96.0,True,0.34045938789495267,0.0,704,79,73,12.944165202256144,11.846718601452466,1.092637179773066,-0.4077660767091089,0.058216685739836294,-0.3320824340820536,0.12342654432498534,0.12342654432498534,0.7741956680358322,False,False
_E_ HOSPITAL - LEVEL 1_542078,host,538320,Walls,-11.5,0.15942551659856716,150.0,96.0,True,0.34045938789495267,0.0,5147,497,547,79.84389750667276,88.09309463575957,0.9063581866070781,-0.3380699247102825,-0.27134583247465116,-0.42496540515952574,-0.46237165118375856,-0.27134583247465116,-1.7020226012997588,False,False
_E_ HOSPITAL - LEVEL 1_542078,host,538324,Walls,-22.759370308105275,0.15942551659856716,150.0,96.0,True,0.34045938789495267,0.0,659,73,68,12.088494895810044,11.070192195797603,1.0919860000623118,-0.4418653605103202,-0.008566823604326146,-0.32169438525562555,0.09243731816056311,0.09243731816056311,0.5798150768632597,False,False
_E_ HOSPITAL - LEVEL 1_542078,host,538336,Walls,-20.56390148039472,0.15942551659856716,150.0,96.0,True,0.34045938789495267,0.0,354,50,21,8.223953421803458,3.4823611768844103,2.3616026609741967,0.012889799659717482,-0.2655673915348302,-0.1743299106303482,0.03990458231587013,0.03990458231587013,0.2503023554024273,False,False
_E_ HOSPITAL - LEVEL 1_542078,host,538342,Walls,-19.5620417310528,0.15942551659856716,150.0,96.0,True,0.34045938789495267,0.0,162,24,19,3.6099856317632657,3.0112132010712003,1.1988475709654367,0.09045897186470597,0.1257677947376976,0.0569389329461103,-0.039067318644612214,0.1257677947376976,0.7888812118726292,False,False
_E_ HOSPITAL - LEVEL 1_542078,host,538354,Walls,-11.5,0.15942551659856716,150.0,96.0,True,0.34045938789495267,0.0,343,49,20,8.03290071758343,3.3663718200846233,2.386219094889376,0.06677075668184784,-0.2878211609355503,-0.24490965398959474,0.06704816587640039,0.06704816587640039,0.42056107019071115,False,False
_E_ HOSPITAL - LEVEL 1_542078,host,538360,Walls,-8.5,0.15942551659856716,150.0,96.0,True,0.34045938789495267,0.0,100,16,13,2.56853153078157,2.0626045310479526,1.2452855077733054,-0.048608485326155915,0.03088522012166095,0.14838216145685124,-0.13845497672346596,0.14838216145685124,0.9307303160916013,False,False
_E_ HOSPITAL - LEVEL 1_542078,host,540426,Walls,-20.166666666666742,0.15942551659856716,150.0,96.0,True,0.34045938789495267,0.0,735,43,177,6.903568363692784,28.126266149244657,0.2454491586995874,-0.08525232643083314,0.03698117647641652,-0.010815127320029205,0.10286541602175703,0.10286541602175703,0.6452255461763486,False,False
_E_ HOSPITAL - LEVEL 1_542078,host,540438,Walls,-9.5,0.15942551659856716,150.0,96.0,True,0.34045938789495267,0.0,3087,821,191,131.12544988181168,30.493450651765016,4.300118454262962,0.03296195762169418,-0.2700627120096897,-0.042429230238354876,-0.0007477512003219999,0.03296195762169418,0.20675459189316767,False,False
_E_ HOSPITAL - LEVEL 1_542078,host,540444,Walls,-9.5,0.15942551659856716,150.0,96.0,True,0.34045938789495267,0.0,356,86,22,13.78127120443989,3.6181370630955882,3.80894116616162,0.1269282566685206,-0.1976050336316746,-0.05667434629111767,-0.05410135163603513,0.1269282566685206,0.7961602344254932,False,False
_E_ HOSPITAL - LEVEL 1_542078,host,540450,Walls,-9.5,0.15942551659856716,150.0,96.0,True,0.34045938789495267,0.0,1457,83,346,13.163853552085726,55.460199250875576,0.2373567662917818,0.023315089446384718,0.04514923614888744,-0.0003298156219102566,-0.2986406921493767,0.04514923614888744,0.2831995599711497,False,False
_E_ HOSPITAL - LEVEL 1_542078,host,540456,Walls,-9.5,0.15942551659856716,150.0,96.0,True,0.34045938789495267,0.0,431,103,28,16.66518388962689,4.27863900405535,3.894973115009565,-0.24103875799093544,-0.0033169219835258446,0.055482533754542374,0.12979292695001732,0.12979292695001732,0.8141289407067466,False,False
_E_ HOSPITAL - LEVEL 1_542078,host,540462,Walls,-9.5,0.15942551659856716,150.0,96.0,True,0.34045938789495267,0.0,309,20,75,3.2314878570511496,12.093066400062071,0.26721823482541723,-0.06159955697248165,0.01862203189264733,0.12806614458708054,-0.26421879975663387,0.12806614458708054,0.803297660998337,False,False
_E_ HOSPITAL - LEVEL 1_542078,host,540468,Walls,-9.5,0.15942551659856716,150.0,96.0,True,0.34045938789495267,0.0,79,20,8,3.279599114692303,1.2129412212692472,2.7038401013863322,-0.21451155373469533,0.12342277101370769,0.02445297736491625,0.03800993415431719,0.12342277101370769,0.7741719998592557,False,False
_E_ HOSPITAL - LEVEL 1_542078,host,540474,Walls,-9.5,0.15942551659856716,150.0,96.0,True,0.34045938789495267,0.0,566,34,136,5.4732838903387915,21.88129504418265,0.25013528126590096,-0.028913733371211947,-0.023902592616309448,-0.002848510823810102,-0.1965762759537597,-0.002848510823810102,-0.017867345733510412,False,False
_E_ HOSPITAL - LEVEL 1_542078,host,540480,Walls,-9.5,0.15942551659856716,150.0,96.0,True,0.34045938789495267,0.0,78,19,7,3.280496423138004,1.2131467316416717,2.704121717163367,0.007077194959208555,-0.25848880272440056,-0.035100147319482744,-0.062067968132211604,0.007077194959208555,0.044391858406386125,False,False
_E_ HOSPITAL - LEVEL 1_542078,host,540486,Walls,-9.5,0.15942551659856716,150.0,96.0,True,0.34045938789495267,0.0,526,33,126,5.10118574766318,20.256623734001955,0.25182803485165867,0.06288954433566118,0.09696675575392533,0.15120624853859255,-0.3202148911210685,0.15120624853859255,0.9484444633748894,False,False
_E_ HOSPITAL - LEVEL 1_542078,host,540492,Walls,-9.5,0.15942551659856716,150.0,96.0,True,0.34045938789495267,0.0,266,64,17,10.428483729737877,2.8502488236071777,3.6587976612301323,0.07179430352309168,-0.297044970952669,-0.08331783053549557,-0.05669721089610391,0.07179430352309168,0.450331321201671,False,False
_E_ HOSPITAL - LEVEL 1_542078,host,540498,Walls,-9.5,0.15942551659856716,150.0,96.0,True,0.34045938789495267,0.0,752,44,179,7.0547384818997045,28.786307103307227,0.2450727165725677,-0.03181886369895892,-0.008196887863761049,0.02285757574139713,-0.27199720790506277,0.02285757574139713,0.1433746380697164,False,False
_E_ HOSPITAL - LEVEL 1_542078,host,540504,Walls,-9.5,0.15942551659856716,150.0,96.0,True,0.34045938789495267,0.0,396,95,26,15.301424618308346,3.966146172512285,3.858008240935792,0.08677968143180692,-0.24278022287631984,0.10726399360554151,0.07165326544484918,0.10726399360554151,0.6728157191777012,False,False
_E_ HOSPITAL - LEVEL 1_542078,host,540510,Walls,-9.5,0.15942551659856716,150.0,96.0,True,0.34045938789495267,0.0,165,12,40,1.9663451106890761,6.569419893977608,0.29931792189013307,-0.06096953551238471,0.007730624006143216,-0.28674719733896303,0.09434796730398531,0.09434796730398531,0.5917996649278744,False,False
_E_ HOSPITAL - LEVEL 1_542078,host,540516,Walls,-9.5,0.15942551659856716,150.0,96.0,True,0.34045938789495267,0.0,1367,325,78,52.087886690981776,12.390969438160626,4.203697454903411,0.019747563603431217,-0.29434136005096434,0.053488395765342034,-0.009267539237713507,0.053488395765342034,0.33550711897660407,False,False
_E_ HOSPITAL - LEVEL 1_542078,host,540522,Walls,-9.5,0.15942551659856716,150.0,96.0,True,0.34045938789495267,0.0,391,26,94,3.9198407018032526,15.098582928871458,0.25961646336410465,0.0755604487557946,0.14966228100362855,0.13679120969530345,-0.24937557830154589,0.14966228100362855,0.9387598936278037,False,False
_E_ HOSPITAL - LEVEL 1_542078,host,540528,Walls,-9.5,0.15942551659856716,150.0,96.0,True,0.34045938789495267,0.0,653,157,39,25.201169771860663,6.233634130010724,4.042773323916157,0.07298577981731569,-0.2443494457029658,0.026243189386214283,-0.04228217205281126,0.07298577981731569,0.4578048820195678,False,False
_E_ HOSPITAL - LEVEL 1_542078,host,540534,Walls,-9.5,0.15942551659856716,150.0,96.0,True,0.34045938789495267,0.0,141,11,34,1.747809569460287,5.6149648700322885,0.3112770266450904,-0.015652144701249426,0.021523257825180053,-0.20834302072187327,0.013845715040854856,0.021523257825180053,0.1350051000893134,False,False
_E_ HOSPITAL - LEVEL 1_542078,host,540540,Walls,-9.5,0.15942551659856716,150.0,96.0,True,0.34045938789495267,0.0,110,27,10,5.116380365467819,1.6336188608827378,3.1319302733216157,-0.47222852356722456,-0.3396628937393018,-0.10902175931433433,0.06965806441731104,0.06965806441731104,0.43693171522040464,False,False
_E_ HOSPITAL - LEVEL 1_542078,host,540606,Walls,-9.5,0.15942551659856716,150.0,96.0,True,0.34045938789495267,0.0,1343,320,77,51.52152998302969,12.261780923609997,4.201798279059548,-0.5281694810056408,0.022804809517452895,-0.03751071144500173,0.051494565924755875,0.051494565924755875,0.32300077819047623,False,False
_E_ HOSPITAL - LEVEL 1_542078,host,540610,Walls,-9.5,0.15942551659856716,150.0,96.0,True,0.34045938789495267,0.0,1715,96,408,15.396830889996224,65.20992331857191,0.2361117772639855,-0.011172938829091095,-0.08080835770468298,-0.24738408776667598,0.08307154141017747,0.08307154141017747,0.5210680396874692,False,False
_E_ HOSPITAL - LEVEL 1_542078,host,540614,Walls,-9.5,0.15942551659856716,150.0,96.0,True,0.34045938789495267,0.0,28,7,5,1.4109892255980867,0.7849738750375082,1.7974983250629404,0.049131490203350836,-0.34414209961146014,0.032695333767264856,-0.020541625811915765,0.049131490203350836,0.30817833463299193,False,False
_E_ HOSPITAL - LEVEL 1_542078,host,540620,Walls,-9.5,0.15942551659856716,150.0,96.0,True,0.34045938789495267,0.0,230,16,55,2.548994151383539,9.117634747794128,0.27956747795805587,-0.04356343324570844,0.04537754743924438,-0.36131639293938633,0.012085058066460874,0.04537754743924438,0.28463164747651326,False,False
_E_ HOSPITAL - LEVEL 1_542078,host,540632,Walls,-9.5,0.15942551659856716,150.0,96.0,True,0.34045938789495267,0.0,2,2,1,2.5459244224126394,8.917202452848485,0.2855070786914092,-0.18204085157516658,-2.0450325376403526,-8.57707527172532,-0.18070166452454828,-0.18070166452454828,-1.1334550979035205,False,False
_E_ HOSPITAL - LEVEL 1_542078,host,540657,Walls,-9.5,0.15942551659856716,150.0,96.0,True,0.34045938789495267,0.0,153,13,40,2.0709630723499544,7.025931936823753,0.294759910994268,-0.0706512096004559,0.07221985303183942,-0.33602546467886896,-0.31288580820219636,0.07221985303183942,0.4530005896966214,False,False
_E_ HOSPITAL - LEVEL 1_542078,host,540804,Walls,-9.5,0.15942551659856716,150.0,96.0,True,0.34045938789495267,0.0,29,8,4,1.1466900575932897,0.7244414898657965,1.5828608295277444,0.11230657153981838,0.01640750365537258,-0.06744984970987389,-0.019289573761682277,0.11230657153981838,0.7044453983022423,False,False
_E_ HOSPITAL - LEVEL 1_542078,host,540810,Walls,-9.5,0.15942551659856716,150.0,96.0,True,0.34045938789495267,0.0,82,8,20,1.3063338858924851,3.687374283102855,0.35427211495146355,0.008693404317767772,-0.03962315742165856,-0.21099876240080562,-0.28786518873067735,0.008693404317767772,0.05452956655400234,False,False
_E_ HOSPITAL - LEVEL 1_542078,host,540816,Walls,-11.0,0.15942551659856716,150.0,96.0,True,0.34045938789495267,0.0,1103,264,64,41.88953099929239,10.055766137950613,4.165722474511481,0.12022197054631079,0.07858341218297937,0.021413462068423428,0.1260534622892635,0.1260534622892635,0.7906730677665963,False,False
_E_ HOSPITAL - LEVEL 1_542078,host,540822,Walls,-11.0,0.15942551659856716,150.0,96.0,True,0.34045938789495267,0.0,2165,121,515,19.295956378076397,82.23445687235744,0.2346456353208141,0.01660880332426018,-0.022077672974035067,0.08698715981508087,-0.21730298391038616,0.08698715981508087,0.5456288407966349,False,False
_E_ HOSPITAL - LEVEL 1_542078,host,540828,Walls,-11.0,0.15942551659856716,150.0,96.0,True,0.34045938789495267,0.0,2168,122,515,19.29595637807637,82.23445687235733,0.23464563532081406,0.015925625459516368,0.1380310214893541,0.1376424403220824,-0.2679582644173877,0.1380310214893541,0.8658025668307269,False,False
_E_ HOSPITAL - LEVEL 1_542078,host,540832,Walls,-11.0,0.15942551659856716,150.0,96.0,True,0.34045938789495267,0.0,1055,256,62,41.40215031991704,9.944141439197843,4.163471585059916,-0.33323736546651617,-0.2559807052173255,-0.016626007407047894,-0.043133402679615074,-0.016626007407047894,-0.10428699095209532,False,False
_E_ HOSPITAL - LEVEL 1_542078,host,542963,Floors,4.0,0.15942551659856716,150.0,96.0,True,0.34045938789495267,0.0,765362,1277,1167,204.97123754104783,187.3857025136678,1.0938467278531954,-1.3632793964503946,-0.021573448227172776,-0.004752948874823915,-1.3313716942651297,-0.004752948874823915,-0.02981297458669569,False,False
_E_ HOSPITAL - LEVEL 1_542078,host,543600,Walls,-9.5,0.15942551659856716,150.0,96.0,True,0.34045938789495267,0.0,1316,179,48,28.895218881951493,7.678930705350421,3.7629222076217297,0.12377741824008837,-0.48182882904807656,-0.01654365933319113,-0.009962249286004976,0.12377741824008837,0.7763965322549929,False,False
_E_ HOSPITAL - LEVEL 1_542078,host,543606,Walls,-9.5,0.15942551659856716,150.0,96.0,True,0.34045938789495267,0.0,505,23,69,3.621305612751769,11.547241989751576,0.31360783951403765,-0.08119895633481278,0.12668022535009626,-0.008241303244943765,-0.5386400412055892,0.12668022535009626,0.794604452617686,False,False
_E_ HOSPITAL - LEVEL 1_542078,host,543612,Walls,-9.5,0.15942551659856716,150.0,96.0,True,0.34045938789495267,0.0,382,53,19,8.950655856991364,3.01397410010037,2.9697189025921933,0.0013350136797498635,-0.5024384909470321,0.13791077084405856,-0.12280005557161644,0.13791077084405856,0.8650482920580232,False,False
_E_ HOSPITAL - LEVEL 1_542078,host,543618,Walls,-9.5,0.15942551659856716,150.0,96.0,True,0.34045938789495267,0.0,165,12,24,1.9086172873071447,4.225520655077567,0.45168807422907004,-0.02256023222668091,0.02704914410231396,-0.49120794545305557,0.09189968874115806,0.09189968874115806,0.5764427847052936,False,False
_E_ HOSPITAL - LEVEL 1_542078,host,543624,Walls,-9.5,0.15942551659856716,150.0,96.0,True,0.34045938789495267,0.0,493,68,22,11.302279968255377,3.5723514313765605,3.163820857316993,0.07155025293710082,-0.5328950924898805,0.04764888009644608,-0.11263894630445748,0.07155025293710082,0.448800508624125,False,False
_E_ HOSPITAL - LEVEL 1_542078,host,543630,Walls,-9.5,0.15942551659856716,150.0,96.0,True,0.34045938789495267,0.0,2014,69,273,11.187681167631403,43.89653629079151,0.2548647823490876,-0.13350901998103382,-0.05381150234926935,0.07039148656545535,-0.44376174594818707,0.07039148656545535,0.4415321215028636,False,False
_E_ HOSPITAL - LEVEL 1_542078,host,543636,Walls,-9.5,0.15942551659856716,150.0,96.0,True,0.34045938789495267,0.0,394,55,19,9.12212002695491,3.054078910179854,2.986864549095004,-0.5013721981894363,0.14765558415572855,0.024840628589174685,-0.04983472339621642,0.14765558415572855,0.9261728442600863,False,False
_E_ HOSPITAL - LEVEL 1_542078,host,543642,Walls,-9.5,0.15942551659856716,150.0,96.0,True,0.34045938789495267,0.0,160,12,23,1.8809971632481925,4.106724426323126,0.4580285814142893,0.0894298263538218,-0.0573207904191797,-0.5053489771425603,0.06541143258648674,0.0894298263538218,0.5609505194767896,False,False
_E_ HOSPITAL - LEVEL 1_542078,host,543648,Walls,-9.5,0.15942551659856716,150.0,96.0,True,0.34045938789495267,0.0,487,67,22,11.132867276983028,3.5243849606944053,3.158811367413602,-0.5396888899433137,0.08833122506426605,-0.03702727480441581,0.02000367927844593,0.08833122506426605,0.5540595191338394,False,False
_E_ HOSPITAL - LEVEL 1_542078,host,543654,Walls,-9.5,0.15942551659856716,150.0,96.0,True,0.34045938789495267,0.0,2147,75,294,12.0610953567357,47.40298341213338,0.2544374739428007,-0.009309465916526705,-0.09487214592659998,-0.021614292437277527,-0.5102672397173933,-0.009309465916526705,-0.058393826252844484,False,False
_E_ HOSPITAL - LEVEL 1_542078,host,543660,Walls,-9.5,0.15942551659856716,150.0,96.0,True,0.34045938789495267,0.0,811,105,59,26.178001290684715,14.596728879891003,1.7934156005835324,-0.71919853297495,-8.719123514860218,-5.085999618236173,-0.10462378233927438,-0.10462378233927438,-0.6562549369227805,False,False
_E_ HOSPITAL - LEVEL 1_542078,host,543671,Walls,-9.5,0.15942551659856716,150.0,96.0,True,0.34045938789495267,0.0,730,30,101,4.8074999734001835,16.618699280303645,0.28928256612104386,-0.13093219789054444,0.10619772244739067,0.03409015220941569,-0.5508122560577533,0.10619772244739067,0.666127510283038,False,False
_E_ HOSPITAL - LEVEL 1_542078,host,543677,Walls,-9.5,0.15942551659856716,150.0,96.0,True,0.34045938789495267,0.0,7062,951,228,152.28980530997066,36.540450022123395,4.167704700346243,-0.5928773242373495,-0.08326170049591042,-0.09046731879767833,-0.10096491885231273,-0.08326170049591042,-0.522260816664393,False,False
_E_ HOSPITAL - LEVEL 1_542078,host,543746,Walls,-9.5,0.15942551659856716,150.0,96.0,True,0.34045938789495267,0.0,404,19,56,3.0968301074607325,9.30489856504461,0.3328171807368741,0.06106726638435589,-0.12881255847227635,-0.4542187816863361,0.07714914616154545,0.07714914616154545,0.48391968743502145,False,False
_E_ HOSPITAL - LEVEL 1_542078,host,543752,Walls,-9.5,0.15942551659856716,150.0,96.0,True,0.34045938789495267,0.0,574,134,36,21.912573311332523,6.045716754459953,3.624478982606573,-0.5680514499127582,0.0184973627883096,-0.20819050497798486,-0.09820765193357772,0.0184973627883096,0.11602510804393935,False,False
_E_ HOSPITAL - LEVEL 1_542078,host,543758,Walls,-9.5,0.15942551659856716,150.0,96.0,True,0.34045938789495267,0.0,2277,80,316,12.799480921237517,50.78668218542584,0.25202435698606357,-0.018386098164057785,-0.027053495188084753,-0.4569760486051848,0.04875710832660474,0.04875710832660474,0.30583001621613026,False,False
_E_ HOSPITAL - LEVEL 1_542078,host,543812,Walls,-9.5,0.15942551659856716,150.0,96.0,True,0.34045938789495267,0.0,994,135,38,22.004549984954863,6.044825381751699,3.6402292200834885,0.0543302279665312,-0.5364354721148175,0.010720791409461583,0.0026234575843497865,0.0543302279665312,0.3407875296608541,False,False
_E_ HOSPITAL - LEVEL 1_542078,host,543830,Walls,-9.5,0.15942551659856716,150.0,96.0,True,0.34045938789495267,0.0,416,20,58,3.190144454447477,9.644125860802731,0.3307862734779723,0.02496666213522758,-0.026600784611389372,-0.46031874276427587,0.06287284467848409,0.06287284467848409,0.394371277697018,False,False
_E_ HOSPITAL - LEVEL 1_542078,host,544527,Walls,-9.5,0.15942551659856716,150.0,96.0,True,0.34045938789495267,0.0,962,37,131,5.9209975577306295,21.379348655653786,0.2769493894831458,-0.059947067282266175,0.037693623698586975,-0.04491646082138345,-0.4496895204200655,0.037693623698586975,0.23643406966965883,False,False
_E_ HOSPITAL - LEVEL 1_542078,host,544743,Walls,-9.5,0.15942551659856716,150.0,96.0,True,0.34045938789495267,0.0,418,100,27,16.33205514033817,4.280229956114951,3.8156957237789006,-0.49160637942713237,0.10210289894570934,-0.06215994612595921,0.08641893817230084,0.10210289894570934,0.6404426413295184,False,False
_E_ HOSPITAL - LEVEL 1_542078,host,544749,Walls,-9.5,0.15942551659856716,150.0,96.0,True,0.34045938789495267,0.0,544,34,129,5.341550134428968,20.869625149504557,0.2559485422552391,-0.008198061755371633,0.08711549167767352,0.004119669986181407,-0.30785317827552205,0.08711549167767352,0.5464338051795685,False,False
_E_ HOSPITAL - LEVEL 1_542078,host,544755,Walls,-9.5,0.15942551659856716,150.0,96.0,True,0.34045938789495267,0.0,404,96,26,16.08862519039174,4.223292626803897,3.8094980888329513,-0.47661897215914983,-0.3071566247701387,-0.008588845846816184,-0.06964034939440467,-0.008588845846816184,-0.053873721284171,False,False
_E_ HOSPITAL - LEVEL 1_542078,host,544761,Walls,-9.5,0.15942551659856716,150.0,96.0,True,0.34045938789495267,0.0,517,124,32,20.226042036859187,5.191653701828102,3.8958765739203924,-0.44816730061891263,-0.009110678017915319,-0.09101507323214264,0.0009779025581906353,0.0009779025581906353,0.006133914940686629,False,False
_E_ HOSPITAL - LEVEL 1_542078,host,544767,Walls,-9.5,0.15942551659856716,150.0,96.0,True,0.34045938789495267,0.0,338,22,81,3.563305140791009,13.600357607953669,0.2620008417063343,-0.05536975697905433,-0.0005740186434621819,-0.45469923894316366,-0.23219152452651315,-0.0005740186434621819,-0.0036005443526807485,False,False
_E_ HOSPITAL - LEVEL 1_542078,host,544773,Walls,-9.5,0.15942551659856716,150.0,96.0,True,0.34045938789495267,0.0,354,23,85,3.734134296000235,13.99710011563036,0.2667791374750818,0.005200606433042765,-0.07254802066622545,-0.4623600309443816,0.01642882619225361,0.01642882619225361,0.10305016751880021,False,False
_E_ HOSPITAL - LEVEL 1_542078,host,544779,Walls,-9.5,0.15942551659856716,150.0,96.0,True,0.34045938789495267,0.0,422,101,27,16.79505080651462,4.382218556105997,3.8325452260050135,-0.22953693722655188,-0.46353669283276133,-0.08188179923584471,0.004152191291140639,0.004152191291140639,0.026044709653322565,False,False
_E_ HOSPITAL - LEVEL 1_542078,host,549098,Walls,-9.5,0.15942551659856716,150.0,96.0,True,0.34045938789495267,0.0,2622,355,90,56.87940083776418,14.268733033930916,3.986296519985726,0.13836300963022552,-0.42170545490301947,0.06197010714516793,0.0175933527950054,0.13836300963022552,0.8678849696226675,False,False
_E_ HOSPITAL - LEVEL 1_542078,host,549104,Walls,-9.5,0.15942551659856716,150.0,96.0,True,0.34045938789495267,0.0,1916,65,260,10.557861628704849,42.02496725110346,0.25122831305544036,-0.08702788114617732,-0.10817516865181176,-0.5640147466045491,-0.010318188871359268,-0.010318188871359268,-0.06472106279787337,False,False
_E_ HOSPITAL - LEVEL 1_542078,host,549110,Walls,-9.5,0.15942551659856716,150.0,96.0,True,0.34045938789495267,0.0,2326,315,80,50.55035474147048,12.7823225970015,3.954708102370118,0.1348689576079991,-0.46618597052983546,0.07227004323056363,-0.10055131234668835,0.1348689576079991,0.8459684527640492,False,False
_E_ HOSPITAL - LEVEL 1_542078,host,549181,Walls,-9.5,0.15942551659856716,150.0,96.0,True,0.34045938789495267,0.0,481,67,22,10.455129306883546,3.3733914920760952,3.099293198385675,0.1494826912166225,0.07689761400381201,0.06108827181925491,0.0728816012730853,0.1494826912166225,0.9376334128056761,False,False
_E_ HOSPITAL - LEVEL 1_542078,host,549226,Walls,-9.5,0.15942551659856716,150.0,96.0,True,0.34045938789495267,0.0,297,42,16,7.008107250700149,2.564497348390571,2.732741078909012,-0.46259329566715124,0.1503577421068094,-0.08295941315214606,0.06927033033865015,0.1503577421068094,0.9431221884349268,False,False
_E_ HOSPITAL - LEVEL 1_542078,host,557764,Walls,-18.5,0.15942551659856716,150.0,96.0,True,0.34045938789495267,0.0,5143,497,548,79.85399497434025,88.10425412645338,0.9063579933351257,-0.28362445039530826,-0.33588877445711773,-0.36492754663987625,-0.37414348379871853,-0.28362445039530826,-1.7790404976982044,False,False
_E_ HOSPITAL - LEVEL 1_542078,host,558043,Walls,-11.5,0.15942551659856716,150.0,96.0,True,0.34045938789495267,0.0,796,111,31,18.090318070954172,5.087724337257299,3.5556796854104595,-0.31214718447765577,-0.08193854403555179,-0.27808657553288185,0.13255325283122943,0.13255325283122943,0.8314431444810558,False,False
_E_ HOSPITAL - LEVEL 1_542078,host,558584,Walls,-9.5,0.15942551659856716,150.0,96.0,True,0.34045938789495267,0.0,245,14,35,2.1694037153189356,5.339778266119339,0.40627224712376314,-0.003759076838633746,0.06631259389965294,0.14063901120604783,0.09947580362450026,0.14063901120604783,0.8821612387192467,False,False
_E_ HOSPITAL - LEVEL 1_542078,host,567090,Floors,2.0,0.15942551659856716,150.0,96.0,True,0.34045938789495267,0.0,33057,126,339,22.442415142316776,56.532915311918146,0.396979618307169,-1.259783089943312,-1.0950169609540978,-1.184498714683457,-1.303166470320491,-1.0950169609540978,-6.868517564295221,False,False
_E_ HOSPITAL - LEVEL 1_542078,host,567240,Walls,-8.0,0.15942551659856716,150.0,96.0,True,0.34045938789495267,0.0,820,113,11,17.963691747686994,1.5505859980847845,11.585098646495554,0.050641407362604696,0.0007502205885430158,0.09090541810348896,0.11218926639600113,0.11218926639600113,0.7037095992512495,False,False
_E_ HOSPITAL - LEVEL 1_542078,host,567243,Walls,-8.0,0.15942551659856716,150.0,96.0,True,0.34045938789495267,0.0,2361,34,326,5.421571743059502,52.34775674374981,0.10356836816520937,0.015621042844998101,-0.016725221553230085,-0.47994068662291056,0.10490235400595793,0.10490235400595793,0.6580022837253943,False,False
_E_ HOSPITAL - LEVEL 1_542078,host,567247,Walls,-8.0,0.15942551659856716,150.0,96.0,True,0.34045938789495267,0.0,776,107,27,17.437347729372632,4.236866614929681,4.115623481732393,-0.44819887587972573,0.06938142255387447,-0.0640408458380648,0.1316631790697329,0.1316631790697329,0.8258601375666875,False,False
_E_ HOSPITAL - LEVEL 1_542078,host,567250,Walls,-8.0,0.15942551659856716,150.0,96.0,True,0.34045938789495267,0.0,2493,35,342,5.591190427125156,55.550324742524765,0.10065090443737766,-0.03208826736567971,0.02079092119029724,-0.5281183975395152,-0.49867966827525834,0.02079092119029724,0.1304115027122584,False,False
_E_ HOSPITAL - LEVEL 1_542078,host,764645,Windows,-5.333333333333343,0.15942551659856716,150.0,96.0,True,0.34045938789495267,0.0,47,6,16,1.5597724516964249,2.6659500546002306,0.5850718954786716,-0.004632446580686178,-0.5985869055243214,0.04561292460961397,-0.1607547136327696,0.04561292460961397,0.28610805586703625,False,False
_E_ HOSPITAL - LEVEL 1_542078,host,764693,Windows,-5.333333333333343,0.15942551659856716,150.0,96.0,True,0.34045938789495267,0.0,46,6,16,1.559772451696439,2.6659500546002732,0.5850718954786676,-0.027820458517176405,-0.5753988935878454,0.033921467522930016,-0.1490632565461283,0.033921467522930016,0.21277313849541502,False,False
_E_ HOSPITAL - LEVEL 1_542078,host,765077,Windows,-5.333333333333343,0.15942551659856716,150.0,96.0,True,0.34045938789495267,0.0,45,6,16,1.5597724516964462,2.6659500546002732,0.5850718954786702,0.06331606589719385,-0.6665354180022796,-0.006604227318064204,-0.10853756170513407,0.06331606589719385,0.397151392374807,False,False
_E_ HOSPITAL - LEVEL 1_542078,host,765171,Windows,-5.333333333333343,0.15942551659856716,150.0,96.0,True,0.34045938789495267,0.0,46,7,16,1.5597724516963645,2.6659500546002164,0.585071895478652,0.086079063293095,-0.5298728987994821,0.006904337623979018,-0.12204612664712045,0.086079063293095,0.539932785727405,False,False
_E_ HOSPITAL - LEVEL 1_542078,host,765173,Windows,-5.333333333333343,0.15942551659856716,150.0,96.0,True,0.34045938789495267,0.0,46,7,16,1.559772451696439,2.6659500546002732,0.5850718954786676,0.10884206068661939,-0.5526358961930811,0.020412902575941416,-0.1355546915991397,0.10884206068661939,0.6827141790650946,False,False
_E_ HOSPITAL - LEVEL 1_542078,host,765485,Windows,-5.333333333333343,0.15942551659856716,150.0,96.0,True,0.34045938789495267,0.0,46,6,16,1.5597724516971851,2.665950054600387,0.5850718954789225,-0.6224117067793813,0.019192354673613465,-0.1378886887922306,0.022746899768918638,0.022746899768918638,0.14268042063928352,False,False
_E_ HOSPITAL - LEVEL 1_542078,host,765513,Windows,-5.333333333333343,0.15942551659856716,150.0,96.0,True,0.34045938789495267,0.0,48,6,17,1.5597724516971851,2.665950054600387,0.5850718954789225,0.01779007111271369,-0.6210094232185384,0.12580415937873113,-0.081520431803483,0.12580415937873113,0.7891093098697965,False,False
_E_ HOSPITAL - LEVEL 1_542078,host,765534,Windows,-5.333333333333343,0.15942551659856716,150.0,96.0,True,0.34045938789495267,0.0,47,6,17,1.5597724516971851,2.665950054600387,0.5850718954789225,-0.00497292628476842,-0.5982464258209994,0.11229559443103199,-0.06801186685578386,0.11229559443103199,0.70437654415003,False,False
_E_ HOSPITAL - LEVEL 1_542078,host,766715,Windows,-4.666666666666686,0.15942551659856716,150.0,96.0,True,0.34045938789495267,0.0,47,6,17,1.5597724516964533,2.665950054600259,0.585071895478676,-0.5818388458322374,-0.021380506272798527,-0.017450350848378093,0.06173407842375411,0.06173407842375411,0.38722834174155624,False,False
_E_ HOSPITAL - LEVEL 1_542078,host,766748,Windows,-4.666666666666686,0.15942551659856716,150.0,96.0,True,0.34045938789495267,0.0,48,6,17,1.5597724516964533,2.665950054600259,0.585071895478676,-0.6027082852416683,-0.0005110668633676596,-0.03905463667241804,0.08333836424779406,0.08333836424779406,0.5227416917057245,False,False
_E_ HOSPITAL - LEVEL 1_542078,host,766868,Windows,-5.333333333333343,0.15942551659856716,150.0,96.0,True,0.34045938789495267,0.0,46,6,17,1.559772451696439,2.6659500546002306,0.5850718954786769,-0.05553658974639575,-0.547682762358626,0.11383411061861182,-0.06955038304315053,0.11383411061861182,0.7140269202027782,False,False
_E_ HOSPITAL - LEVEL 1_542078,host,766869,Windows,-5.333333333333343,0.15942551659856716,150.0,96.0,True,0.34045938789495267,0.0,46,6,17,1.559772451696439,2.6659500546002306,0.5850718954786769,-0.032773592350309855,-0.5704457597547119,0.12734267555966028,-0.083058947984199,0.12734267555966028,0.7987596858808282,False,False
_E_ HOSPITAL - LEVEL 1_542078,host,766870,Windows,-5.333333333333343,0.15942551659856716,150.0,96.0,True,0.34045938789495267,0.0,47,6,16,1.559772451696439,2.6659500546002306,0.5850718954786769,-0.010010594955559782,-0.593208757149462,-0.01857427609202489,-0.09656751293113075,-0.010010594955559782,-0.06279167331015412,False,False
_E_ HOSPITAL - LEVEL 1_542078,host,766928,Windows,-5.333333333333343,0.15942551659856716,150.0,96.0,True,0.34045938789495267,0.0,46,6,16,1.559772451696439,2.665950054600252,0.5850718954786722,0.0355153998338551,-0.6387347519388769,0.00844285380195231,-0.12358464282512927,0.0355153998338551,0.22277111338006664,False,False
_E_ HOSPITAL - LEVEL 1_542078,host,766929,Windows,-5.333333333333343,0.15942551659856716,150.0,96.0,True,0.34045938789495267,0.0,47,6,16,1.559772451696439,2.665950054600252,0.5850718954786722,0.012752402439105026,-0.6159717545441268,-0.005065711145100238,-0.11007607787807672,0.012752402439105026,0.07998972003468885,False,False
_E_ HOSPITAL - LEVEL 1_542078,host,767076,Doors,-3.1666666666668846,0.15942551659856716,150.0,96.0,True,0.34045938789495267,0.0,136,31,44,5.037764720994787,7.6214645693798815,0.6609969350555785,0.01500039659013197,-0.11057410302938564,-0.25872376149567344,-0.3480180775472803,0.01500039659013197,0.09409031195365615,False,False
_E_ HOSPITAL - LEVEL 1_542078,host,767397,Walls,-8.25,0.15942551659856716,150.0,96.0,True,0.34045938789495267,0.0,17,22,87,3.568725996524961,15.216744260373076,0.2345262518355201,0.029694783828347227,-0.09105941518481586,-0.9691858016671233,-0.37753851463060073,0.029694783828347227,0.18626117363080955,False,False
_E_ HOSPITAL - LEVEL 1_542078,host,767703,Walls,-8.25,0.15942551659856716,150.0,96.0,True,0.34045938789495267,0.0,19,33,135,5.508885479293497,23.511705255080585,0.234303952840813,0.0012012559859400085,-0.2490446875267267,-1.630998761471929,-0.3582617528020222,0.0012012559859400085,0.007534904145644178,False,False
_E_ HOSPITAL - LEVEL 1_542078,host,768111,Walls,-8.25,0.15942551659856716,150.0,96.0,True,0.34045938789495267,0.0,16,29,118,4.906753235335856,20.937348084113786,0.2343540937287495,-0.00023898827088686403,-0.2831742657064993,-1.7909862660914087,-0.33415085939149236,-0.00023898827088686403,-0.0014990590965976644,False,False
_E_ HOSPITAL - LEVEL 1_542078,host,768989,Walls,-9.5,0.15942551659856716,150.0,96.0,True,0.34045938789495267,0.0,54,30,129,4.934083153405368,21.054194460088453,0.23435155226473758,-0.10090071814158819,-0.05041693730674979,-0.1771117665405626,-0.31119105233273103,-0.05041693730674979,-0.3162413293832972,False,False
_E_ HOSPITAL - LEVEL 1_542078,host,769313,Walls,-9.5,0.15942551659856716,150.0,96.0,True,0.34045938789495267,0.0,19,30,127,5.409699644250786,23.087645975307225,0.23431144301314155,-0.6449989758513013,0.01806482955754518,-0.18910589198358707,-2.6514994753055987,0.01806482955754518,0.11331203400163571,False,False
_E_ HOSPITAL - LEVEL 1_542078,host,769584,Walls,-9.5,0.15942551659856716,150.0,96.0,True,0.34045938789495267,0.0,18,37,157,5.931625162944339,25.319087183147474,0.23427484253430994,0.042468139232049396,-0.07534918802943835,-0.39879430142104866,0.10951322424858745,0.10951322424858745,0.6869240670195934,False,False
_E_ HOSPITAL - LEVEL 1_542078,host,770996,Curtain Panels,-3.8333333333333286,0.15942551659856716,150.0,96.0,True,0.34045938789495267,0.0,34,22,6,3.673959211773507,0.9184153538760853,4.000324250098726,-0.08436332165791072,-0.08223452494710415,-0.024851501006850185,0.0629892467221822,0.0629892467221822,0.39510141203298643,False,False
_E_ HOSPITAL - LEVEL 1_542078,host,771146,Doors,-3.1666666666668704,0.15942551659856716,150.0,96.0,True,0.34045938789495267,0.0,79,22,26,4.363637174306589,4.265784054352977,1.0229390702170587,-0.6418308425485293,-0.21444496658962464,-0.03883474615948046,-0.08188587663076419,-0.03883474615948046,-0.24359178497922765,False,False
_E_ HOSPITAL - LEVEL 1_542078,host,771613,Doors,-3.8333333333333286,0.15942551659856716,150.0,96.0,True,0.34045938789495267,0.0,82,39,25,6.207348979448348,4.250286580373441,1.460454221631087,-0.042780411914023375,0.053026579809802854,-0.3224136218499609,0.05776495644069257,0.05776495644069257,0.3623319382815269,False,False
_E_ HOSPITAL - LEVEL 1_542078,host,771872,Curtain Panels,-3.8333333333333286,0.15942551659856716,150.0,96.0,True,0.34045938789495267,0.0,34,22,6,3.673959211773507,0.9184153538760853,4.000324250098726,-0.019927361613667927,-0.14667048499134694,-0.011141120003230753,0.04927886571856277,0.04927886571856277,0.3091027507387463,False,False
_E_ HOSPITAL - LEVEL 1_542078,host,771907,Curtain Panels,-3.8333333333333286,0.15942551659856716,150.0,96.0,True,0.34045938789495267,0.0,35,23,6,3.755189325002725,0.9370194703349028,4.0075894299833195,-0.09276039825039817,0.00435795501472569,0.05241438956481659,-0.03288076030835896,0.05241438956481659,0.32877039186139706,False,False
_E_ HOSPITAL - LEVEL 1_542078,host,772709,Curtain Wall Mullions,2.8333333333333286,0.15942551659856716,150.0,96.0,True,0.34045938789495267,0.0,44,24,9,3.8203037326086005,1.2213248666371612,3.1279996313573464,0.05736306011873893,-0.05145439436172694,0.12757508307434762,0.08592969967558872,0.12757508307434762,0.8002174670418738,False,False
_E_ HOSPITAL - LEVEL 1_542078,host,772710,Curtain Wall Mullions,2.8333333333333286,0.15942551659856716,150.0,96.0,True,0.34045938789495267,0.0,40,22,8,3.7390736193793828,1.2027207501783437,3.10884602167622,-0.18865493644163678,-0.0430573177692537,0.06401957350625764,0.00866380910393616,0.06401957350625764,0.4015641590640643,False,False
_E_ HOSPITAL - LEVEL 1_542078,host,772713,Curtain Wall Mullions,2.8333333333333286,0.15942551659856716,150.0,96.0,True,0.34045938789495267,0.0,41,22,8,3.7390736193793828,1.2027207501783437,3.10884602167622,-0.09366537988731238,-0.1380468743235781,0.05030919250263821,0.02237419010755559,0.05030919250263821,0.3155654977698242,False,False
_E_ HOSPITAL - LEVEL 1_542078,host,772720,Curtain Wall Mullions,-4.0,0.15942551659856716,150.0,96.0,True,0.34045938789495267,0.0,3,1,3,0.24617875052312144,0.40274374244910405,0.6112540669808961,0.05058658741226907,-0.13733982133683043,0.02369354451309391,0.05183926283348228,0.05183926283348228,0.3251628970035791,False,False
_E_ HOSPITAL - LEVEL 1_542078,host,772723,Curtain Wall Mullions,-4.0,0.15942551659856716,150.0,96.0,True,0.34045938789495267,0.0,6,2,3,0.24617875052312854,0.40274374244910405,0.6112540669809138,0.05432835025887073,0.01834393241512089,0.09036685015671253,-0.014834042810079495,0.09036685015671253,0.5668280215409677,False,False
_E_ HOSPITAL - LEVEL 1_542078,host,772730,Curtain Wall Mullions,-4.0,0.15942551659856716,150.0,96.0,True,0.34045938789495267,0.0,6,3,3,0.24617875052311433,0.40274374244910405,0.6112540669808785,0.12716138689560808,0.10493641237695783,0.026811340588622556,0.048721466757953635,0.12716138689560808,0.7976225488156953,False,False
_E_ HOSPITAL - LEVEL 1_542078,host,772955,Walls,-5.0,0.15942551659856716,150.0,96.0,True,0.34045938789495267,0.0,410,256,60,40.90279100703646,9.829773276427957,4.161112352929074,-0.15384876760371213,0.06399000980039204,-0.27935152107275485,0.015109240558800252,0.06399000980039204,0.40137872007978903,False,False
_E_ HOSPITAL - LEVEL 1_542078,host,774151,Curtain Panels,-3.8333333333333286,0.15942551659856716,150.0,96.0,True,0.34045938789495267,0.0,32,22,6,3.673959211773507,0.9184153538760853,4.000324250098726,-0.016185598766725207,-0.1504122478383465,0.05553218564041629,-0.01739443992508427,0.05553218564041629,0.3483268351593059,False,False
_E_ HOSPITAL - LEVEL 1_542078,host,774754,Curtain Wall Mullions,-4.0,0.15942551659856716,150.0,96.0,True,0.34045938789495267,0.0,6,3,4,0.24617875052312854,0.40274374244910405,0.6112540669809138,0.11876431030310641,0.11333348896944528,0.10407723116027512,0.13088109278486115,0.13088109278486115,0.8209544844343785,False,False
_E_ HOSPITAL - LEVEL 1_542078,host,774759,Curtain Wall Mullions,-4.0,0.15942551659856716,150.0,96.0,True,0.34045938789495267,0.0,3,1,3,0.24617875052312144,0.40274374244910405,0.6112540669808961,-0.09670008974718769,0.009946855822626333,0.013100959585003125,0.06243184776157307,0.06243184776157307,0.39160511500035605,False,False
_E_ HOSPITAL - LEVEL 1_542078,host,774761,Curtain Wall Mullions,-4.0,0.15942551659856716,150.0,96.0,True,0.34045938789495267,0.0,4,2,4,0.24617875052312854,0.40274374244910405,0.6112540669809138,-0.028522366856009285,0.1011946495300009,0.09348464623225539,0.14147367771288089,0.14147367771288089,0.8873967024307098,False,False
_E_ HOSPITAL - LEVEL 1_542078,host,774764,Curtain Wall Mullions,-4.0,0.15942551659856716,150.0,96.0,True,0.34045938789495267,0.0,6,3,4,0.24617875052312854,0.40274374244910405,0.6112540669809138,0.11410899655747642,0.11798880271501844,0.08859091077704306,0.14636741316815005,0.14636741316815005,0.9180927638873684,False,False
_E_ HOSPITAL - LEVEL 1_542078,host,774767,Curtain Wall Mullions,2.8333333333333286,0.15942551659856716,150.0,96.0,True,0.34045938789495267,0.0,38,19,8,3.7390736193793828,1.2027207501783437,3.10884602167622,-0.6631897233904169,-0.04679908061615379,-0.028732637448669607,0.10141602005886341,0.10141602005886341,0.6361341786599228,False,False
_E_ HOSPITAL - LEVEL 1_542078,host,774799,Curtain Panels,-3.8333333333333286,0.15942551659856716,150.0,96.0,True,0.34045938789495267,0.0,34,23,6,3.673959211773507,0.9184153538760853,4.000324250098726,-0.024582675359170025,0.01741034535271524,-0.02662744038650544,0.06476518610183746,0.06476518610183746,0.4062410301916471,False,False
_E_ HOSPITAL - LEVEL 1_542078,host,774805,Curtain Wall Mullions,2.8333333333333286,0.15942551659856716,150.0,96.0,True,0.34045938789495267,0.0,40,22,8,3.7390736193793828,1.2027207501783295,3.108846021676257,-0.19331025018713888,-0.038402004023808445,0.048533253122997166,0.024150129487210847,0.048533253122997166,0.30442587961125267,False,False
_E_ HOSPITAL - LEVEL 1_542078,host,774826,Curtain Wall Mullions,-4.0,0.15942551659856716,150.0,96.0,True,0.34045938789495267,0.0,7,3,3,0.24617875052311433,0.40274374244910405,0.6112540669808785,0.12250607315016282,0.10959172612245993,0.01132502020536208,0.06420778714121411,0.12250607315016282,0.7684219926891167,False,False
_E_ HOSPITAL - LEVEL 1_542078,host,775176,Curtain Wall Mullions,-4.0,0.15942551659856716,150.0,96.0,True,0.34045938789495267,0.0,3,2,3,0.24617875052312144,0.40274374244910405,0.6112540669808961,-0.055628257683025595,0.12830054035702432,-0.003190474815724542,0.07872328216230073,0.12830054035702432,0.804767913533469,False,False
_E_ HOSPITAL - LEVEL 1_542078,host,776159,Curtain Panels,-3.8333333333333286,0.15942551659856716,150.0,96.0,True,0.34045938789495267,0.0,34,22,7,3.666819200790904,0.9519712070135853,3.851817338356302,-0.06504636193319868,-0.09441147368921321,0.11739501080437265,0.04661239837201947,0.11739501080437265,0.7363627436125726,False,False
_E_ HOSPITAL - LEVEL 1_542078,host,776160,Doors,-3.1666666666668704,0.15942551659856716,150.0,96.0,True,0.34045938789495267,0.0,76,25,23,4.387733280146989,4.2913253258226405,1.0224657761890534,0.08870567698463105,-0.4908010421674476,-0.5648148791235741,-0.05972356493201403,0.08870567698463105,0.5564082769008152,False,False
_E_ HOSPITAL - LEVEL 1_542078,host,776162,Doors,-3.8333333333333286,0.15942551659856716,150.0,96.0,True,0.34045938789495267,0.0,82,39,25,6.222974056478783,4.29481496998919,1.4489504437241092,-0.03932978311930668,0.0339508739846508,-0.02325653704725994,-0.2859205179777575,0.0339508739846508,0.21295759116239196,False,False
_E_ HOSPITAL - LEVEL 1_542078,host,776164,Curtain Panels,-3.8333333333333286,0.15942551659856716,150.0,96.0,True,0.34045938789495267,0.0,33,22,6,3.6668192007909113,0.9519712070135853,3.8518173383563092,-0.017266208706516295,-0.14219162691584586,0.042890138651230814,-0.03830824607339878,0.042890138651230814,0.26902932207036856,False,False
_E_ HOSPITAL - LEVEL 1_542078,host,776166,Curtain Panels,-3.8333333333333286,0.15942551659856716,150.0,96.0,True,0.34045938789495267,0.0,36,23,7,3.747873989737826,0.9713249051928443,3.858517340285569,-0.08168367979332913,0.0005965718225553474,0.0704657256381438,0.07418798535893245,0.07418798535893245,0.46534574227372594,False,False
_E_ HOSPITAL - LEVEL 1_542078,host,776170,Curtain Wall Mullions,2.8333333333333286,0.15942551659856716,150.0,96.0,True,0.34045938789495267,0.0,39,22,8,3.8156119333652256,1.2550166665071032,3.0402878584749295,-0.1397447743310991,-0.16850579386563425,0.02993833116468636,-0.009550864883252075,0.02993833116468636,0.18778882956403375,False,False
_E_ HOSPITAL - LEVEL 1_542078,host,776171,Curtain Wall Mullions,2.8333333333333286,0.15942551659856716,150.0,96.0,True,0.34045938789495267,0.0,42,22,8,3.7345571444183037,1.2356629683278442,3.02231048444551,-0.07532730324429338,-0.15186847600546116,0.0023627441777733793,0.03737842028291993,0.03737842028291993,0.23445694942948594,False,False
_E_ HOSPITAL - LEVEL 1_542078,host,776172,Curtain Wall Mullions,2.8333333333333286,0.15942551659856716,150.0,96.0,True,0.34045938789495267,0.0,43,23,9,3.7345571444182966,1.2356629683278442,3.022310484445504,-0.12310745647096866,0.05533719381972446,0.07686761633091521,0.12229906472833818,0.12229906472833818,0.7671235278872375,False,False
_E_ HOSPITAL - LEVEL 1_542078,host,776173,Curtain Wall Mullions,-4.0,0.15942551659856716,150.0,96.0,True,0.34045938789495267,0.0,3,1,3,0.24920121970051667,0.4034539466196918,0.6176695550717254,0.0228977536514563,-0.11267345675341289,0.04275615113695608,0.032066452039032356,0.04275615113695608,0.2681888824899712,False,False
_E_ HOSPITAL - LEVEL 1_542078,host,776174,Curtain Wall Mullions,-4.0,0.15942551659856716,150.0,96.0,True,0.34045938789495267,0.0,6,2,3,0.24920121970051667,0.4034539466196918,0.6176695550717254,0.016996680972169997,0.05265313252443349,-0.008769065193831693,0.08359166836982013,0.08359166836982013,0.5243305472881334,False,False
_E_ HOSPITAL - LEVEL 1_542078,host,776175,Curtain Wall Mullions,-4.0,0.15942551659856716,150.0,96.0,True,0.34045938789495267,0.0,7,2,4,0.24920121970052378,0.4034539466196918,0.6176695550717429,0.08141415205896863,-0.011764338562372245,0.1230808644178154,0.11116725535678995,0.1230808644178154,0.7720273833437375,False,False
_E_ HOSPITAL - LEVEL 1_542078,host,776176,Walls,-5.0,0.15942551659856716,150.0,96.0,True,0.34045938789495267,0.0,396,252,64,40.49859291047487,10.128573938792101,3.998449649004052,-0.009875592838412217,-0.3134871347974979,0.003974122380100198,0.07068500113609844,0.07068500113609844,0.4433731979936624,False,False
_E_ HOSPITAL - LEVEL 1_542078,host,776178,Curtain Panels,-3.8333333333333286,0.15942551659856716,150.0,96.0,True,0.34045938789495267,0.0,31,22,6,3.6668192007909113,0.9519712070135853,3.8518173383563092,-0.023167281385539695,-0.13629055423693615,-0.008635077679485903,0.01321697025731794,0.01321697025731794,0.08290373171942243,False,False
_E_ HOSPITAL - LEVEL 1_542078,host,776180,Curtain Wall Mullions,-4.0,0.15942551659856716,150.0,96.0,True,0.34045938789495267,0.0,6,2,3,0.24920121970050957,0.4034539466196918,0.6176695550717077,0.06477683419879554,0.00487297929781505,0.07615157925158655,-0.0013289760755981206,0.07615157925158655,0.4776624274226813,False,False
_E_ HOSPITAL - LEVEL 1_542078,host,776181,Curtain Wall Mullions,-4.0,0.15942551659856716,150.0,96.0,True,0.34045938789495267,0.0,3,1,3,0.24920121970051667,0.4034539466196918,0.6176695550717254,-0.12579151776625963,0.036015814664303036,0.03816021997239716,0.036662383203591276,0.03816021997239716,0.23936080488598602,False,False
_E_ HOSPITAL - LEVEL 1_542078,host,776182,Curtain Wall Mullions,-4.0,0.15942551659856716,150.0,96.0,True,0.34045938789495267,0.0,2,1,2,0.24920121970050957,0.4034539466196918,0.6176695550717077,-0.08391243721858643,-0.005863265883306212,-0.0878698685114756,0.0032669550889039556,0.0032669550889039556,0.020492046434010536,False,False
_E_ HOSPITAL - LEVEL 1_542078,host,776183,Curtain Wall Mullions,-4.0,0.15942551659856716,150.0,96.0,True,0.34045938789495267,0.0,6,2,3,0.24920121970050957,0.4034539466196918,0.6176695550717077,0.04223844365964169,0.027411369836968902,-0.022302922245387435,0.09712552542137587,0.09712552542137587,0.6092219582762123,False,False
_E_ HOSPITAL - LEVEL 1_542078,host,776184,Curtain Wall Mullions,2.8333333333333286,0.15942551659856716,150.0,96.0,True,0.34045938789495267,0.0,37,19,8,3.7345571444183037,1.2356629683278442,3.02231048444551,-0.5595049257190965,-0.14596740332650882,-0.04916247215295755,0.08890363661365086,0.08890363661365086,0.5576499829541709,False,False
_E_ HOSPITAL - LEVEL 1_542078,host,776187,Curtain Panels,-3.8333333333333286,0.15942551659856716,150.0,96.0,True,0.34045938789495267,0.0,35,22,7,3.6668192007909113,0.9519712070135853,3.8518173383563092,-0.039804599245613304,-0.11965323637674885,0.10386115375284533,0.06014625542354679,0.10386115375284533,0.651471332624672,False,False
_E_ HOSPITAL - LEVEL 1_542078,host,776188,Curtain Wall Mullions,2.8333333333333286,0.15942551659856716,150.0,96.0,True,0.34045938789495267,0.0,41,23,8,3.7345571444183037,1.23566296832783,3.0223104844455446,-0.09786569378331933,0.03009543113206803,0.0633337592794021,-0.02359259481869458,0.0633337592794021,0.3972623744972787,False,False
_E_ HOSPITAL - LEVEL 1_542078,host,776190,Curtain Wall Mullions,-4.0,0.15942551659856716,150.0,96.0,True,0.34045938789495267,0.0,6,2,3,0.24920121970052378,0.4034539466196918,0.6176695550717429,0.05887576151994267,0.010774051976653709,0.02462636292088405,0.050196240255104385,0.05887576151994267,0.36929948715920813,False,False
_E_ HOSPITAL - LEVEL 1_542078,host,776193,Curtain Wall Mullions,-4.0,0.15942551659856716,150.0,96.0,True,0.34045938789495267,0.0,4,2,3,0.24920121970051667,0.4034539466196918,0.6176695550717254,-0.07104439168346488,0.1406942051801252,-0.03659858862266674,0.11142119179865517,0.1406942051801252,0.882507444115064,False,False
_E_ HOSPITAL - LEVEL 1_542078,host,776382,Columns,-5.0,0.15942551659856716,150.0,96.0,True,0.34045938789495267,0.0,11,5,4,0.5986111402429515,0.5986111402429657,0.9999999999999762,0.15260594336396593,0.045910499385882986,-0.07023424820265234,0.10932517435398381,0.15260594336396593,0.9572240794315701,False,False
_E_ HOSPITAL - LEVEL 1_542078,host,776851,Columns,-5.0,0.15942551659856716,150.0,96.0,True,0.34045938789495267,0.0,13,5,3,0.5986111402429515,0.5986111402429657,0.9999999999999762,0.08786299785442253,0.11065344489548323,-0.14983126847860717,0.02949667803132172,0.11065344489548323,0.6940761256813625,False,False
_E_ HOSPITAL - LEVEL 1_542078,host,776865,Columns,-5.0,0.15942551659856716,150.0,96.0,True,0.34045938789495267,0.0,13,5,4,0.5986111402429515,0.5986111402429657,0.9999999999999762,0.15138540700002068,0.0471310357497714,-0.0849339022146296,0.12402482836590423,0.15138540700002068,0.9495682386980031,False,False
_E_ HOSPITAL - LEVEL 1_542078,host,776885,Columns,-5.0,0.15942551659856716,150.0,96.0,True,0.34045938789495267,0.0,11,4,4,0.6028386829405008,0.602838682940515,0.9999999999999765,0.006336662510705082,0.028526720943034434,0.0448095139400948,-0.009946130486369498,0.0448095139400948,0.2810686450709455,False,False
_E_ HOSPITAL - LEVEL 1_542078,host,776886,Columns,-5.0,0.15942551659856716,150.0,96.0,True,0.34045938789495267,0.0,13,5,3,0.602838682940515,0.602838682940515,1.0,0.12731046243786182,0.06697843761442357,0.012232447909639177,-0.1367945810544171,0.12731046243786182,0.7985576283778278,False,False
_E_ HOSPITAL - LEVEL 1_542078,host,776887,Columns,-5.0,0.15942551659856716,150.0,96.0,True,0.34045938789495267,0.0,14,5,4,0.6028386829405008,0.602838682940515,0.9999999999999765,0.14665115244648064,0.0476377476058758,0.10659889112594101,-0.07173550767215886,0.14665115244648064,0.9198725246457735,False,False
_E_ HOSPITAL - LEVEL 1_542078,host,779173,Walls,-8.5,0.15942551659856716,150.0,96.0,True,0.34045938789495267,0.0,16,232,55,39.41741387761323,9.229169569098133,4.270959979930791,-1.1405510856468766,-1.2901429410987646,-0.13306337383096434,-0.327702782346023,-0.13306337383096434,-0.8346428894818475,False,False
_E_ HOSPITAL - LEVEL 1_542078,host,779462,Walls,-8.5,0.15942551659856716,150.0,96.0,True,0.34045938789495267,0.0,67,16,67,2.5545298181710443,10.8806482769522,0.23477735454257315,-0.016964913109106305,0.01324336051513697,0.03143360005819318,-0.23057226490635685,0.03143360005819318,0.197167936029606,False,False
_E_ HOSPITAL - LEVEL 1_542078,host,779607,Walls,-8.5,0.15942551659856716,150.0,96.0,True,0.34045938789495267,0.0,31,31,8,5.459175070985022,1.286468080708488,4.243537133061651,-0.22106638697859182,-0.29591766945084075,0.03301569635107171,-0.04407964427102229,0.03301569635107171,0.2070916692351395,False,False
_E_ HOSPITAL - LEVEL 1_542078,host,779729,Walls,-8.5,0.15942551659856716,150.0,96.0,True,0.34045938789495267,0.0,42,11,42,1.7415507333926818,7.404836181263818,0.235190987452128,-0.03457376634333187,0.046703715534924584,-0.3630662052130731,-0.34589827891093705,0.046703715534924584,0.2929500655313814,False,False
_E_ HOSPITAL - LEVEL 1_542078,host,779781,Walls,-8.5,0.15942551659856716,150.0,96.0,True,0.34045938789495267,0.0,5,5,2,1.2651652540719311,0.3055053103837224,4.141221808821757,-0.3603873273059932,-0.10765034377308069,-0.019540340260761013,0.032886063074158756,0.032886063074158756,0.2062785417027422,False,False
_E_ HOSPITAL - LEVEL 1_542078,host,779922,Walls,-9.5,0.15942551659856716,150.0,96.0,True,0.34045938789495267,0.0,23,77,326,12.4377114399922,53.13521898865261,0.23407660073158554,-0.14839404795291955,-0.01355261394958518,-0.6362941632572472,-0.5262064142624467,-0.01355261394958518,-0.08500906403653444,False,False
_E_ HOSPITAL - LEVEL 1_542078,host,780354,Walls,-9.5,0.15942551659856716,150.0,96.0,True,0.34045938789495267,0.0,2,10,6,3.2192699831452103,1.7951594783812084,1.7933058438062555,-0.6523706051213622,-0.9726442120381904,-0.592144590648843,-0.24646178814100494,-0.24646178814100494,-1.5459368951683863,False,False
_E_ HOSPITAL - LEVEL 1_542078,host,780571,Walls,-9.5,0.15942551659856716,150.0,96.0,True,0.34045938789495267,0.0,15,94,167,15.301187505230018,27.307505362248463,0.560329012198357,-0.3182155161987055,0.0030265712340167283,-0.7603621474661963,0.07691805717846023,0.07691805717846023,0.48247017679195986,False,False
_E_ HOSPITAL - LEVEL 1_542078,host,780850,Walls,-9.5,0.15942551659856716,150.0,96.0,True,0.34045938789495267,0.0,24,356,84,59.94578159486927,14.030675847163252,4.272479975153101,-1.749102217779047,-1.4411954680002736,-0.43512488622826595,-0.20380756665537092,-0.20380756665537092,-1.2783873686202794,False,False
_E_ HOSPITAL - LEVEL 1_542078,host,781094,Walls,-9.5,0.15942551659856716,150.0,96.0,True,0.34045938789495267,0.0,7,19,78,4.112999416964726,17.54373172356904,0.2344426762659131,-0.47251189062984267,-0.6114027109620714,-2.507137653724442,-2.601403775156399,-0.47251189062984267,-2.9638410507373534,False,False
_E_ HOSPITAL - LEVEL 1_542078,host,781242,Walls,-9.5,0.15942551659856716,150.0,96.0,True,0.34045938789495267,0.0,2,13,4,4.38926843107927,1.036221031395712,4.23584186972856,-2.42512595042254,0.10838923512466536,-0.433419743582391,0.03490077858091922,0.10838923512466536,0.6798738209366386,False,False
_E_ HOSPITAL - LEVEL 1_542078,host,781508,Walls,-9.5,0.15942551659856716,150.0,96.0,True,0.34045938789495267,0.0,62,15,62,2.4168363767870087,10.29195351466501,0.2348277587285307,0.039707172532134294,-0.06516080034068494,-0.2881182048267874,-0.11945328072710026,0.039707172532134294,0.24906409826550416,False,False
_E_ HOSPITAL - LEVEL 1_542078,host,848304,Walls,-3.0416666666666856,0.15942551659856716,150.0,96.0,True,0.34045938789495267,0.0,72,18,8,3.1171388882338817,1.175732988351598,2.651230270066825,-0.16908851338432385,-0.07839107607536278,0.02460960306665072,0.07506154137028886,0.07506154137028886,0.4708251412431897,False,False
_E_ HOSPITAL - LEVEL 1_542078,host,848309,Walls,-3.0416666666666856,0.15942551659856716,150.0,96.0,True,0.34045938789495267,0.0,75,18,8,3.115149380111788,1.2024155663141443,2.5907427243817973,-0.10009592983864479,-0.14539415149894808,-0.009194678743881468,0.08218324521827469,0.08218324521827469,0.5154961826168127,False,False
_E_ HOSPITAL - LEVEL 1_542078,host,864878,Floors,4.0,0.15942551659856716,150.0,96.0,True,0.34045938789495267,0.0,1416063,1555,1804,250.65036073805487,290.2313147814473,0.8636227311542931,-1.3802203047233093,-1.3634621225596106,-1.2909326044711804,-1.3367502331609842,-1.2909326044711804,-8.097402674389595,False,False
_E_ HOSPITAL - LEVEL 1_542078,host,879253,Walls,-8.5,0.15942551659856716,150.0,96.0,True,0.34045938789495267,0.0,10,127,30,21.687847141799352,5.082290351603042,4.267337291140525,-0.49972764926693003,-0.9410788845144396,-0.05890790296056991,-0.24061695068544253,-0.05890790296056991,-0.36950109504051215,False,False
_E_ HOSPITAL - LEVEL 1_542078,host,879254,Walls,-8.5,0.15942551659856716,150.0,96.0,True,0.34045938789495267,0.0,64,74,315,12.078429686285148,51.430248817442326,0.2348506951455542,0.021244605981564746,-0.3021860639726981,-1.2016593741320065,-0.009551714761677488,0.021244605981564746,0.13325725037516162,False,False
_E_ HOSPITAL - LEVEL 1_542078,host,892519,Doors,-4.0,0.15942551659856716,150.0,96.0,True,0.34045938789495267,0.0,173,57,20,10.338221262679639,8.782402903914907,1.1771517858821074,-0.6713816705565705,-0.5795851460047459,-2.7131027084037527,-2.880789863539839,-0.5795851460047459,-3.6354603602391897,False,False
_E_ HOSPITAL - LEVEL 1_542078,host,893177,Walls,-8.5,0.15942551659856716,150.0,96.0,True,0.34045938789495267,0.0,11,10,42,2.0181923692732653,8.587590279338123,0.2350126524001812,-0.4837022779538813,0.05976507466621683,0.08526143250604434,-1.9769800147043028,0.08526143250604434,0.5348041789366272,False,False
_E_ HOSPITAL - LEVEL 1_542078,host,896026,Walls,-12.0,0.15942551659856716,150.0,96.0,True,0.34045938789495267,0.0,7468,1121,263,178.59509306053204,41.87175030734812,4.265288452228618,0.05460934466384515,0.06630170179792572,-0.04091885815137175,0.09807941622642602,0.09807941622642602,0.6152052589761375,False,False
_E_ HOSPITAL - LEVEL 1_542078,host,896027,Walls,-12.0,0.15942551659856716,150.0,96.0,True,0.34045938789495267,0.0,1457,52,197,8.237844144417522,31.901499620929854,0.2582274890617637,-0.03677189970144923,0.0890546184093921,0.03587221792278683,-0.5305450689349414,0.0890546184093921,0.5585970195325213,False,False
_E_ HOSPITAL - LEVEL 1_542078,host,896028,Walls,-12.0,0.15942551659856716,150.0,96.0,True,0.34045938789495267,0.0,681,93,28,15.331459165958478,4.438665375182865,3.4540696065260046,0.034683744460210164,-0.5395698667519753,0.03159150540332689,-0.006342415826338765,0.034683744460210164,0.21755453706663344,False,False
_E_ HOSPITAL - LEVEL 1_542078,host,896029,Walls,-12.0,0.15942551659856716,150.0,96.0,True,0.34045938789495267,0.0,2637,88,356,14.048352850305974,57.243914434416226,0.24541216283175446,-0.01300122010198379,-0.005906169530021543,0.09457069857963063,-0.583001223905967,0.09457069857963063,0.5931967516703068,False,False
_E_ HOSPITAL - LEVEL 1_542078,host,896030,Walls,-12.0,0.15942551659856716,150.0,96.0,True,0.34045938789495267,0.0,1363,185,49,29.952083096815755,7.790881936272257,3.8445048123970267,-0.5455035489725617,0.08714102289172843,-0.11253978258118025,0.13350815963870843,0.13350815963870843,0.8374328180781843,False,False
_E_ HOSPITAL - LEVEL 1_542078,host,896031,Walls,-12.0,0.15942551659856716,150.0,96.0,True,0.34045938789495267,0.0,7591,241,1023,38.40779319422245,163.48711499864595,0.23492856421462055,-0.057611220795195095,0.07136752682748693,0.10030480721098911,-0.49511632552268736,0.10030480721098911,0.6291640720447295,False,False
_E_ HOSPITAL - LEVEL 1_542078,host,896032,Walls,-12.0,0.15942551659856716,150.0,96.0,True,0.34045938789495267,0.0,4020,552,132,88.43457882024495,21.199748180629925,4.171491947298085,0.1255633004980723,-0.5572569583339941,-0.08480498450454377,-0.07077500511454105,0.1255633004980723,0.7875985173329575,False,False
_E_ HOSPITAL - LEVEL 1_542078,host,896033,Walls,-12.0,0.15942551659856716,150.0,96.0,True,0.34045938789495267,0.0,682,28,94,4.438665375183007,15.331459165958833,0.28951356339508677,-0.08154718066273858,0.10679627023964144,0.12114412830455024,-0.4666047339980537,0.12114412830455024,0.7598791641967245,False,False
_E_ HOSPITAL - LEVEL 1_542078,host,896034,Walls,-12.0,0.15942551659856716,150.0,96.0,True,0.34045938789495267,0.0,1402,197,52,31.901499620930423,8.237844144417622,3.8725544040000424,0.027155363909088237,-0.5218282149217544,0.14389704491588873,-0.09161432620804533,0.14389704491588873,0.9025973256101841,False,False
_E_ HOSPITAL - LEVEL 1_542078,host,896035,Walls,-12.0,0.15942551659856716,150.0,96.0,True,0.34045938789495267,0.0,5035,163,683,26.038453767164242,109.31501311174057,0.23819650225489183,-0.054468999785171945,0.002374438187416672,-0.48472744024550707,0.057342165326303984,0.057342165326303984,0.3596799718748369,False,False
_E_ HOSPITAL - LEVEL 1_542078,host,896036,Walls,-12.0,0.15942551659856716,150.0,96.0,True,0.34045938789495267,0.0,2620,122,312,20.11388876085806,49.77499122436183,0.4040962793985092,-0.010979816185965774,-0.6529959196468553,-0.052171987499644246,0.017941941890725843,0.017941941890725843,0.11254121845440579,False,False
_E_ HOSPITAL - LEVEL 1_542078,host,896037,Walls,-12.0,0.15942551659856716,150.0,96.0,True,0.34045938789495267,0.0,188,12,29,2.028630072205459,4.820139511397919,0.4208654266973952,-0.01993247380553953,-0.09559139921708493,-0.3230257769045508,0.1262262468650448,0.1262262468650448,0.7917568627541726,False,False
_E_ HOSPITAL - LEVEL 1_542078,host,896038,Walls,-12.0,0.15942551659856716,150.0,96.0,True,0.34045938789495267,0.0,3383,460,112,73.81395488938787,17.84753161954073,4.13580748659782,0.05325999065010478,-0.5314772446970437,0.08901047379454496,-0.08088423429575187,0.08901047379454496,0.5583201214813874,False,False
_E_ HOSPITAL - LEVEL 1_542078,host,896039,Walls,-12.0,0.15942551659856716,150.0,96.0,True,0.34045938789495267,0.0,4742,156,649,24.887186397828515,104.51726514418816,0.2381155530954151,0.006924380101594352,-0.023730188553599874,-0.5396140113668224,-0.5104908603512968,0.006924380101594352,0.04343332390780275,False,False
_E_ HOSPITAL - LEVEL 1_542078,host,899973,Generic Models,-55.00000000000034,0.15942551659856716,150.0,96.0,True,0.34045938789495267,0.0,1182,962,243,153.5392971934206,39.794120878385215,3.8583412274052225,0.014506762223266634,-0.18645698782225395,-1.1804742987385453,0.12675395380519205,0.12675395380519205,0.7950669159464481,False,False
_E_ HOSPITAL - LEVEL 1_542078,host,929075,Walls,-8.5,0.15942551659856716,150.0,96.0,True,0.34045938789495267,0.0,1014,950,224,152.0637010011411,35.57670300546249,4.274249386678497,-0.5960230596168685,-0.013437172885460313,0.0016191746302069987,0.13299353798635138,0.13299353798635138,0.834204842636506,False,False
_E_ HOSPITAL - LEVEL 5_554620,host,521105,Walls,-12.0,0.15942551659856716,150.0,96.0,True,0.34045938789495267,0.0,3170,705,356,112.24483539242362,56.659284678257535,1.981049284857924,0.13836349111267054,0.011790318453563486,0.12831910533955693,-0.03211987450708875,0.13836349111267054,0.8678879897317145,False,False
_E_ HOSPITAL - LEVEL 5_554620,host,521111,Walls,-12.0,0.15942551659856716,150.0,96.0,True,0.34045938789495267,0.0,6210,694,1379,110.85341458145422,220.24340357034956,0.50332229153935,-0.06836175607787709,-0.14374430597069932,-0.25615149437905416,-0.13946468654637556,-0.06836175607787709,-0.4288005931322257,False,False
_E_ HOSPITAL - LEVEL 5_554620,host,521117,Walls,-12.0,0.15942551659856716,150.0,96.0,True,0.34045938789495267,0.0,503,59,112,9.454328769473847,18.174358420894904,0.5202015141620783,-0.09253018160745796,0.044306891449082286,-0.28593764758323914,-0.03276291427214062,0.044306891449082286,0.27791593462824943,False,False
_E_ HOSPITAL - LEVEL 5_554620,host,521123,Walls,-12.0,0.15942551659856716,150.0,96.0,True,0.34045938789495267,0.0,113,26,16,4.469712527976867,2.577280561070701,1.7342747217710661,-0.33257826033528204,0.00792916392114762,0.05359034937050211,-0.08006264486412817,0.05359034937050211,0.3361466251694351,False,False
_E_ HOSPITAL - LEVEL 5_554620,host,521129,Walls,-12.0,0.15942551659856716,150.0,96.0,True,0.34045938789495267,0.0,223,28,51,4.5207941851830356,8.342764628146199,0.5418820243269379,-0.08866902707515578,0.031789306652001414,-0.20124088695369124,-0.010822394665659374,0.031789306652001414,0.1993991133304386,False,False
_E_ HOSPITAL - LEVEL 5_554620,host,521135,Walls,-12.0,0.15942551659856716,150.0,96.0,True,0.34045938789495267,0.0,128,30,18,4.991084926076866,2.8389073950859682,1.7581006462966098,0.014722501552284939,-0.2230419296721209,-0.06991746848842695,0.10066937217665384,0.10066937217665384,0.6314508136745697,False,False
_E_ HOSPITAL - LEVEL 5_554620,host,521141,Walls,-12.0,0.15942551659856716,150.0,96.0,True,0.34045938789495267,0.0,3317,372,738,59.46242932842,117.83096822920797,0.5046417781508176,-0.1920027456382627,0.03586559188522642,-0.22951522446431483,0.05457824499885078,0.05457824499885078,0.3423432218587605,False,False
_E_ HOSPITAL - LEVEL 5_554620,host,521232,Walls,-12.0,0.15942551659856716,150.0,96.0,True,0.34045938789495267,0.0,130,31,17,4.989727890746167,2.8382264291228836,1.758044333442479,-0.16471144417289452,0.11717456798231751,0.02415435524440568,-0.15214700219165422,0.11717456798231751,0.734980011244766,False,False
_E_ HOSPITAL - LEVEL 5_554620,host,521238,Walls,-12.0,0.15942551659856716,150.0,96.0,True,0.34045938789495267,0.0,685,79,154,12.743351825666366,24.728754282724566,0.5153252638596856,-0.19791443113626883,0.049178416756717525,-0.23067688107971662,0.053452154534539886,0.053452154534539886,0.3352797950727813,False,False
_E_ HOSPITAL - LEVEL 5_554620,host,521244,Walls,-12.0,0.15942551659856716,150.0,96.0,True,0.34045938789495267,0.0,115,27,16,4.542837263805808,2.613974857111046,1.7379039631722137,-0.032695496077053576,-0.20565281956740478,-0.13419201768853384,0.07102542615456287,0.07102542615456287,0.4455085212827293,False,False
_E_ HOSPITAL - LEVEL 5_554620,host,521250,Walls,-12.0,0.15942551659856716,150.0,96.0,True,0.34045938789495267,0.0,1506,171,336,27.319704006525797,53.77664503402808,0.5080217255881023,-0.07999522666906955,0.02205455849824034,-0.19987127844221675,-0.009800178467287424,0.02205455849824034,0.1383376950489904,False,False
_E_ HOSPITAL - LEVEL 5_554620,host,521256,Walls,-12.0,0.15942551659856716,150.0,96.0,True,0.34045938789495267,0.0,151,35,20,5.8103844088018946,3.25003527710831,1.7877911817534584,-0.15090041078588,-0.07959091706618437,-0.004425036077748246,-0.05709990905918971,-0.004425036077748246,-0.02775613447683202,False,False
_E_ HOSPITAL - LEVEL 5_554620,host,521262,Walls,-12.0,0.15942551659856716,150.0,96.0,True,0.34045938789495267,0.0,5279,590,1172,94.1466724664659,186.95005186307912,0.503592652305966,-0.1605744626864407,0.07495678937513617,-0.09983075580333889,-0.0035156537550165012,0.07495678937513617,0.4701680820886225,False,False
_E_ HOSPITAL - LEVEL 5_554620,host,521268,Walls,-12.0,0.15942551659856716,150.0,96.0,True,0.34045938789495267,0.0,132,31,18,5.1400484683865315,2.913657919087939,1.7641221485587157,-0.20380264166279716,0.005945187831855492,0.006816764033146683,-0.05081538434689037,0.006816764033146683,0.04275829979156517,False,False
_E_ HOSPITAL - LEVEL 5_554620,host,521274,Walls,-12.0,0.15942551659856716,150.0,96.0,True,0.34045938789495267,0.0,249,31,57,4.969305447357293,9.23655877809955,0.5380039868462508,-0.08668505098586365,0.05957061818416065,-0.24801447229111773,0.09871014030989045,0.09871014030989045,0.6191614894273305,False,False
_E_ HOSPITAL - LEVEL 5_554620,host,521280,Walls,-12.0,0.15942551659856716,150.0,96.0,True,0.34045938789495267,0.0,132,31,18,5.140023966289604,2.913603727145926,1.7641465510220942,-0.002574797950863683,-0.1952581537831506,-0.1794491859608911,0.13550475758916036,0.13550475758916036,0.8499565218932978,False,False
_E_ HOSPITAL - LEVEL 5_554620,host,521286,Walls,-12.0,0.15942551659856716,150.0,96.0,True,0.34045938789495267,0.0,174,21,42,3.487277266196685,7.051580902599881,0.49453836159079506,-0.20930168607122823,0.06996026844447556,-0.2643481514349446,-0.09136105402507155,0.06996026844447556,0.43882729651511965,False,False
_E_ HOSPITAL - LEVEL 5_554620,host,521292,Walls,-12.0,0.15942551659856716,150.0,96.0,True,0.34045938789495267,0.0,1960,33,477,5.203753130853762,76.10828460435624,0.06837301823191944,-0.01683098342135736,0.07411990032030502,-0.0676321537490594,0.0053189669093285374,0.07411990032030502,0.4649186773967849,False,False
_E_ HOSPITAL - LEVEL 5_554620,host,521298,Walls,-12.0,0.15942551659856716,150.0,96.0,True,0.34045938789495267,0.0,2384,529,269,84.80174778978919,42.887989839983334,1.9772842725011741,-0.09401560080854665,-0.3716339083386089,-0.009440227616835273,0.006914352648038857,0.006914352648038857,0.04337042648855999,False,False
_E_ HOSPITAL - LEVEL 5_554620,host,521304,Walls,-12.0,0.15942551659856716,150.0,96.0,True,0.34045938789495267,0.0,1456,164,325,26.49723595473438,52.13791523768134,0.50821433565077,-0.20530145179478154,-0.14614978077460705,-0.2361312308315746,-0.08849111231540974,-0.08849111231540974,-0.5550624153737573,False,False
_E_ HOSPITAL - LEVEL 5_554620,host,521310,Walls,-12.0,0.15942551659856716,150.0,96.0,True,0.34045938789495267,0.0,2644,297,588,47.427382240003,93.8479426311369,0.5053641125241624,0.03543409874393433,-0.11343790897245754,0.1066870486116045,-0.21242591979103054,0.1066870486116045,0.6691968192283929,False,False
_E_ HOSPITAL - LEVEL 5_554620,host,521317,Walls,-12.0,0.15942551659856716,150.0,96.0,True,0.34045938789495267,0.0,2856,321,635,51.19950818489008,101.3651130487915,0.5050998972422148,-0.03520945833207634,0.011292101582057512,-0.15524310321654866,0.02533309451519017,0.02533309451519017,0.1589023831045742,False,False
_E_ HOSPITAL - LEVEL 5_554620,host,521453,Walls,-12.0,0.15942551659856716,150.0,96.0,True,0.34045938789495267,0.0,397,47,90,7.730357049636382,14.738811477817052,0.5244898519308095,-0.08218282898582174,-0.1551749405179521,-0.1916404934265188,-0.19887449051950057,-0.08218282898582174,-0.5154935717897517,False,False
_E_ HOSPITAL - LEVEL 5_554620,host,521459,Walls,-12.0,0.15942551659856716,150.0,96.0,True,0.34045938789495267,0.0,68,17,11,2.6821359393497914,1.6802672071866027,1.5962556002272357,-0.03488309839383419,0.06298094121973463,0.010618834258679044,0.06279464113893596,0.06298094121973463,0.39504931558930056,False,False
_E_ HOSPITAL - LEVEL 5_554620,host,521465,Walls,-12.0,0.15942551659856716,150.0,96.0,True,0.34045938789495267,0.0,38,10,8,1.5653502405128847,1.1198600163330923,1.3978088490367937,0.07443507736394395,-0.045530151891171045,0.09958737065085188,0.05595674580459331,0.09958737065085188,0.6246639357086889,False,False
_E_ HOSPITAL - LEVEL 5_554620,host,521471,Walls,-12.0,0.15942551659856716,150.0,96.0,True,0.34045938789495267,0.0,27,8,6,1.1181445019902867,0.8954482870899483,1.2486980187589196,0.0326980439879776,0.12456158681027318,0.01869975073043406,0.04240506177103498,0.12456158681027318,0.781315246566952,False,False
_E_ HOSPITAL - LEVEL 5_554620,host,532512,Floors,3.75,0.15942551659856716,150.0,96.0,True,0.34045938789495267,0.0,499680,706,1127,114.01298027249767,180.60875621844312,0.6312705023814071,-0.6681195558263795,-0.7904459980828733,-0.7586299935340151,-0.1775690183238794,-0.1775690183238794,-1.1138055068750223,False,False
_E_ HOSPITAL - LEVEL 5_554620,host,532531,Walls,-6.25,0.15942551659856716,150.0,96.0,True,0.34045938789495267,0.0,568,135,35,21.819711862178387,5.563771763466285,3.9217481934565357,0.008098671524891188,-0.3053657928967013,0.03849758945880666,-0.02237627197520453,0.03849758945880666,0.24147696228417087,False,False
_E_ HOSPITAL - LEVEL 5_554620,host,532532,Walls,-6.25,0.15942551659856716,150.0,96.0,True,0.34045938789495267,0.0,242,17,59,2.6884366332555345,9.526499389883963,0.28220614133564553,0.09541649985320788,-0.07361935093310734,-0.19634901039050945,0.07595509982198934,0.09541649985320788,0.5985020584469315,False,False
_E_ HOSPITAL - LEVEL 5_554620,host,532533,Walls,-6.25,0.15942551659856716,150.0,96.0,True,0.34045938789495267,0.0,430,130,34,20.971764203198354,5.365440066365949,3.9086755128741344,-0.2988556165946079,0.05240857120997333,0.017949737368297747,0.037077760617023614,0.05240857120997333,0.32873389610483694,False,False
_E_ HOSPITAL - LEVEL 5_554620,host,532534,Walls,-6.25,0.15942551659856716,150.0,96.0,True,0.34045938789495267,0.0,23,5,7,0.6861405524817155,0.9658794834346978,0.7103790527176104,0.02208070695997222,0.08890632355116956,0.11628110916549161,0.03381802358978803,0.11628110916549161,0.7293757714976518,False,False
_E_ HOSPITAL - LEVEL 5_554620,host,532535,Walls,-6.25,0.15942551659856716,150.0,96.0,True,0.34045938789495267,0.0,122,37,12,6.392744500907042,1.955463413923944,3.2691711107389105,-0.21276589288927994,-0.2812344938707545,-0.09933870299800418,0.05698148825689486,0.05698148825689486,0.357417617158325,False,False
_E_ HOSPITAL - LEVEL 5_554620,host,532536,Walls,-6.25,0.15942551659856716,150.0,96.0,True,0.34045938789495267,0.0,12,3,4,0.6007345585150583,0.6007345585150539,1.0000000000000073,-0.0760701146978775,-0.046387894021500564,0.03692334893339222,4.415894579423707e-05,0.03692334893339222,0.23160250454991513,False,False
_E_ HOSPITAL - LEVEL 5_554620,host,532537,Walls,-6.25,0.15942551659856716,150.0,96.0,True,0.34045938789495267,0.0,1566,446,108,71.40801553259817,17.16228532633362,4.160752147794123,-0.3109167145471332,0.006681584909941307,0.09386067824447863,-0.038190211932928264,0.09386067824447863,0.5887431337658416,False,False
_E_ HOSPITAL - LEVEL 5_554620,host,532538,Walls,-6.25,0.15942551659856716,150.0,96.0,True,0.34045938789495267,0.0,3045,212,891,33.71928110780728,142.19582211068555,0.23713271323513366,0.1290080271664138,-0.050079616077475464,-0.23495685258714616,0.08727003122487531,0.1290080271664138,0.8092056398428084,False,False
_E_ HOSPITAL - LEVEL 5_554620,host,532539,Walls,-6.25,0.15942551659856716,150.0,96.0,True,0.34045938789495267,0.0,3230,225,945,35.778514517892205,150.99987196708125,0.23694400565910484,0.028607802564323492,0.06361891422108101,-0.31911439663574015,-0.023644384799524687,0.06361891422108101,0.3990510150346459,False,False
_E_ HOSPITAL - LEVEL 5_554620,host,532540,Walls,-6.25,0.15942551659856716,150.0,96.0,True,0.34045938789495267,0.0,1301,377,92,60.642731712800796,14.644326833098859,4.141039216342613,-0.2652640892814091,-0.27404786585956487,0.006634805965376245,0.016185888003917626,0.016185888003917626,0.10152633247959691,False,False
_E_ HOSPITAL - LEVEL 5_554620,host,532541,Walls,-16.25,0.15942551659856716,150.0,96.0,True,0.34045938789495267,0.0,205,17,63,2.888903480205043,10.38357567198696,0.2782185608757868,-0.11505039589583177,-0.06361930213357603,-0.3174643307058602,-0.02230379557136075,-0.02230379557136075,-0.13990103997919998,False,False
_E_ HOSPITAL - LEVEL 5_554620,host,532542,Walls,-0.25,0.15942551659856716,150.0,96.0,True,0.34045938789495267,0.0,208,50,15,8.4213274171272,2.429941158183169,3.4656507581540374,-0.2534214201037557,-0.1966301670950994,-0.08664704046921656,0.04808863126456231,0.04808863126456231,0.3016369793905031,False,False
_E_ HOSPITAL - LEVEL 5_554620,host,532543,Walls,-6.25,0.15942551659856716,150.0,96.0,True,0.34045938789495267,0.0,4,2,6,0.6943490174573874,0.9250575288038476,0.7506009040921168,-0.4310403123938933,0.05554232813368287,0.09175758589967131,-0.06026201511210161,0.09175758589967131,0.5755514415594873,False,False
_E_ HOSPITAL - LEVEL 5_554620,host,532544,Walls,-16.25,0.15942551659856716,150.0,96.0,True,0.34045938789495267,0.0,23,5,7,0.6931628230967308,0.995902510594675,0.6960147361038664,0.06574832714191636,0.03821643275415321,0.04581620592571767,0.07425989966958468,0.07425989966958468,0.46579682634223996,False,False
_E_ HOSPITAL - LEVEL 5_554620,host,532545,Walls,-16.25,0.15942551659856716,150.0,96.0,True,0.34045938789495267,0.0,450,107,29,17.54913910695163,4.5649012162518545,3.844363388297121,-0.328523789305903,-0.1620850415990578,0.019644937520752137,0.03879382758586303,0.03879382758586303,0.24333512234146143,False,False
_E_ HOSPITAL - LEVEL 5_554620,host,532546,Walls,-16.25,0.15942551659856716,150.0,96.0,True,0.34045938789495267,0.0,207,18,65,2.8877172858444116,10.37850421469642,0.2782402190245562,0.021143278940082055,-0.0392012660102985,0.0777189491864192,-0.09356458497592257,0.0777189491864192,0.4874937892289552,False,False
_E_ HOSPITAL - LEVEL 5_554620,host,532547,Walls,-6.25,0.15942551659856716,150.0,96.0,True,0.34045938789495267,0.0,354,108,28,17.762546029738033,4.614816274947913,3.849025610437442,-0.31810334255834505,-0.2264868945344034,-0.024769238101072233,-0.1261325720869877,-0.024769238101072233,-0.1553655815551853,False,False
_E_ HOSPITAL - LEVEL 5_554620,host,554676,Walls,-8.0,0.15942551659856716,150.0,96.0,True,0.34045938789495267,0.0,486,24,76,3.726357807846636,11.997091420413884,0.3106051022922089,-0.03822213056185575,0.13807672108083224,-0.002813960037912011,0.1220618011150485,0.13807672108083224,0.8660892185064007,False,False
_E_ HOSPITAL - LEVEL 5_554620,host,554677,Walls,-8.0,0.15942551659856716,150.0,96.0,True,0.34045938789495267,0.0,297,47,17,8.450470372934944,2.902966955190621,2.9109771152665607,-0.4659916767218135,-0.4914794160804661,-0.06423414994242194,-0.12849902307250716,-0.06423414994242194,-0.4029100943995263,False,False
_E_ HOSPITAL - LEVEL 5_554620,host,554678,Walls,-16.0,0.15942551659856716,150.0,96.0,True,0.34045938789495267,0.0,1854,66,254,10.529924047979797,40.95202604058137,0.25712828072401545,-0.022280399620768776,0.014440447146391477,-0.5497789071244341,0.09183408257914039,0.09183408257914039,0.5760312686354861,False,False
_E_ HOSPITAL - LEVEL 5_554620,host,554679,Walls,-16.0,0.15942551659856716,150.0,96.0,True,0.34045938789495267,0.0,494,68,22,11.297849387993736,3.571145358613279,3.1636487046779953,0.07661502905109785,-0.5335292883422369,0.04900377603002681,-0.11278776947475677,0.07661502905109785,0.4805694263109349,False,False
_E_ HOSPITAL - LEVEL 5_554620,host,554680,Walls,-16.0,0.15942551659856716,150.0,96.0,True,0.34045938789495267,0.0,410,57,19,9.47354032327397,3.1430450208053458,3.0141281020678967,-0.4692925677944686,0.08300669063882182,-0.10698841738363285,-0.006971788048900862,0.08300669063882182,0.5206612618219225,False,False
_E_ HOSPITAL - LEVEL 5_554620,host,554681,Walls,-16.0,0.15942551659856716,150.0,96.0,True,0.34045938789495267,0.0,137,11,20,1.7727434061862226,3.63412970811315,0.48780410953098197,0.102552437813074,-0.12161516141507889,-0.548837899914048,0.10321852377221319,0.10321852377221319,0.6474404221760626,False,False
_E_ HOSPITAL - LEVEL 5_554620,host,554682,Walls,-8.0,0.15942551659856716,150.0,96.0,True,0.34045938789495267,0.0,396,56,20,8.741557168459316,2.9712746547495072,2.9420225944061276,0.06675785732419826,0.11951390373624804,0.08208111495710568,0.13515456226470235,0.13515456226470235,0.8477599141486304,False,False
_E_ HOSPITAL - LEVEL 5_554620,host,554683,Walls,-8.0,0.15942551659856716,150.0,96.0,True,0.34045938789495267,0.0,1435,237,61,38.21552619431952,9.88776503487631,3.8649306551606966,0.13812930611032925,-0.5698080665694647,-0.059295816589781225,-0.10351270577396576,0.13812930611032925,0.8664190592409264,False,False
_E_ HOSPITAL - LEVEL 5_554620,host,554684,Walls,-16.0,0.15942551659856716,150.0,96.0,True,0.34045938789495267,0.0,536,74,23,11.662896789238914,3.6568089771367482,3.189364514842902,0.10755494342319594,0.027036495631904245,0.10193951624313513,-0.0919616116129447,0.10755494342319594,0.6746407081999231,False,False
_E_ HOSPITAL - LEVEL 5_554620,host,554685,Walls,-16.0,0.15942551659856716,150.0,96.0,True,0.34045938789495267,0.0,2358,81,318,12.925855758270757,51.16206222021689,0.25264532345537577,0.005770926036603896,-0.01815983982348257,-0.4638480763501178,-0.0008998655223919627,0.005770926036603896,0.03619825834489886,False,False
_E_ HOSPITAL - LEVEL 5_554620,host,554686,Walls,-16.0,0.15942551659856716,150.0,96.0,True,0.34045938789495267,0.0,943,128,37,21.470206021442962,5.958235021927408,3.6034506766565317,-0.5021592828266961,-0.5615806139996664,-0.013394706802610123,-0.046096200977790325,-0.013394706802610123,-0.08401858804282845,False,False
_E_ HOSPITAL - LEVEL 5_554620,host,554687,Walls,-8.0,0.15942551659856716,150.0,96.0,True,0.34045938789495267,0.0,455,20,64,3.2760085075197907,10.039442650663663,0.3263137826982087,-0.033847770412236855,-0.05365040513623853,0.03180162865267455,0.1319887829919626,0.1319887829919626,0.8279024952091568,False,False
_E_ HOSPITAL - LEVEL 5_554620,host,554688,Walls,-8.0,0.15942551659856716,150.0,96.0,True,0.34045938789495267,0.0,970,37,132,5.956829097358639,21.464214806980877,0.27752373664380586,-0.09131815323975445,0.03323317002806547,0.0740005956801042,-0.4940472116501411,0.0740005956801042,0.46417033646149264,False,False
_E_ HOSPITAL - LEVEL 5_554620,host,554689,Walls,-8.0,0.15942551659856716,150.0,96.0,True,0.34045938789495267,0.0,420,20,58,3.189812609466003,9.703145210325012,0.328740067300215,-0.06105034808649634,0.059748070591808755,0.13162523926216352,-0.5880904868702359,0.13162523926216352,0.8256221593033652,False,False
_E_ HOSPITAL - LEVEL 5_554620,host,554691,Walls,-8.0,0.15942551659856716,150.0,96.0,True,0.34045938789495267,0.0,1436,236,61,38.043426280164184,9.818495384111303,3.8746696710503765,-0.5079153302604027,0.08891096735804638,-0.09367764333297046,0.00013877173434373447,0.08891096735804638,0.5576959652068988,False,False
_E_ HOSPITAL - LEVEL 5_554620,host,554693,Floors,4.0,0.15942551659856716,150.0,96.0,True,0.34045938789495267,0.0,502350,1269,642,204.80814707899674,105.03341094010929,1.9499333140364223,-1.2487988782583557,-1.2483676371567185,-1.363208828314157,-1.3190204555150142,-1.2483676371567185,-7.830412996560039,False,False
_E_ HOSPITAL - LEVEL 5_554620,host,554708,Walls,-16.0,0.15942551659856716,150.0,96.0,True,0.34045938789495267,0.0,2012,69,273,11.214884588472508,43.870920544133,0.2556336737267828,-0.12800682300287036,-0.08651712016853708,0.0976334346702572,-0.4453879473944795,0.0976334346702572,0.612407830021952,False,False
_E_ HOSPITAL - LEVEL 5_554620,host,554710,Walls,-8.0,0.15942551659856716,150.0,96.0,True,0.34045938789495267,0.0,1849,314,80,49.82858470591122,12.61293609713806,3.950593606608185,0.10751330717284446,0.12351419886601889,0.01996629214153245,0.12113893860578173,0.12351419886601889,0.7747454830397519,False,False
_E_ HOSPITAL - LEVEL 5_554620,host,554711,Walls,-8.0,0.15942551659856716,150.0,96.0,True,0.34045938789495267,0.0,205,14,34,2.297485439576235,5.870268210256356,0.3913765704200939,-0.0953184483695253,0.029790241173245136,0.058262189403976095,-0.5080628353090617,0.058262189403976095,0.36545084279500917,False,False
_E_ HOSPITAL - LEVEL 5_554620,host,554712,Walls,-8.0,0.15942551659856716,150.0,96.0,True,0.34045938789495267,0.0,421,91,28,14.932932084259988,4.424169750327593,3.3753072162645346,-0.4261744125376907,0.0009643387472948461,0.013065853948575068,0.026678860483741573,0.026678860483741573,0.1673437292407767,False,False
_E_ HOSPITAL - LEVEL 5_554620,host,554713,Walls,-8.0,0.15942551659856716,150.0,96.0,True,0.34045938789495267,0.0,197,13,28,2.183256258433019,5.383491367981264,0.4055465327608968,-0.0664925459435608,-0.044231996708006704,-0.42306303184818717,-0.4965138713732813,-0.044231996708006704,-0.2774461557454614,False,False
_E_ HOSPITAL - LEVEL 5_554620,host,554714,Walls,-8.0,0.15942551659856716,150.0,96.0,True,0.34045938789495267,0.0,1427,235,61,37.89990906085087,9.813700939011795,3.861938456896492,-0.42961734139253593,-0.005295318795063508,-0.13062125637381428,0.041876829874581745,0.041876829874581745,0.26267332085883993,False,False
_E_ HOSPITAL - LEVEL 5_554620,host,554715,Walls,-8.0,0.15942551659856716,150.0,96.0,True,0.34045938789495267,0.0,209,13,35,2.2979865918790274,5.872403823354645,0.3913195790010042,-0.125934447307106,-0.09952042879058354,0.13538868503708557,-0.4278994274418437,0.13538868503708557,0.8492284543006611,False,False
_E_ HOSPITAL - LEVEL 5_554620,host,554716,Walls,-8.0,0.15942551659856716,150.0,96.0,True,0.34045938789495267,0.0,462,84,26,14.446155241984869,4.309940569184292,3.35182237668743,-0.6157147757709751,-0.4386970719342216,-0.0692331670168187,-0.09564397060468366,-0.0692331670168187,-0.4342665370885863,False,False
_E_ HOSPITAL - LEVEL 5_554620,host,554717,Walls,-8.0,0.15942551659856716,150.0,96.0,True,0.34045938789495267,0.0,229,14,34,2.2979865918790523,5.872403823354759,0.3913195790010009,-0.09710854488115217,0.03107918538199783,0.12383972110119146,-0.5757759801046802,0.12383972110119146,0.776787328298389,False,False
_E_ HOSPITAL - LEVEL 5_554620,host,554736,Walls,-8.0,0.15942551659856716,150.0,96.0,True,0.34045938789495267,0.0,1404,233,61,37.55402441817111,9.704026170327634,3.8699426154683576,0.11381156133313652,-0.5216906120380997,0.09400083211116517,-0.0730704899261223,0.11381156133313652,0.7138854793220686,False,False
_E_ HOSPITAL - LEVEL 5_554620,host,554737,Walls,-8.0,0.15942551659856716,150.0,96.0,True,0.34045938789495267,0.0,1854,314,80,49.86097313826267,12.620536508219075,3.9507807854120074,0.10765794039300403,0.09098113329446278,0.1128954697571043,0.020609349909195274,0.1128954697571043,0.708139275103462,False,False
_E_ HOSPITAL - LEVEL 5_554620,host,554738,Walls,-8.0,0.15942551659856716,150.0,96.0,True,0.34045938789495267,0.0,235,14,33,2.2696898694428995,5.750165812544729,0.3947172904981762,0.07789503062461378,-0.1156276676875585,-0.5555940964508217,0.0664703316588593,0.07789503062461378,0.4885982638573044,False,False
_E_ HOSPITAL - LEVEL 5_554620,host,554739,Walls,-8.0,0.15942551659856716,150.0,96.0,True,0.34045938789495267,0.0,226,14,33,2.2576025644316466,5.698656906448167,0.39616397363335126,0.0538168578448186,-0.07946218989651044,-0.516306304157732,0.07869144546233198,0.07869144546233198,0.4935937931471581,False,False
_E_ HOSPITAL - LEVEL 5_554620,host,554740,Walls,-8.0,0.15942551659856716,150.0,96.0,True,0.34045938789495267,0.0,398,84,26,14.551022149203206,4.3096551967833925,3.3763773399003445,-0.5502852196129702,-0.6089935353106206,-0.0376415691918055,-0.12695019602891122,-0.0376415691918055,-0.23610755665033742,False,False
_E_ HOSPITAL - LEVEL 5_554620,host,554741,Walls,-8.0,0.15942551659856716,150.0,96.0,True,0.34045938789495267,0.0,224,14,32,2.2376297136065375,5.613544493327559,0.3986126263479797,0.10796823753283036,-0.11364071875952675,-0.5764190378721423,0.06449107569873291,0.10796823753283036,0.677233104438946,False,False
_E_ HOSPITAL - LEVEL 5_554620,host,554742,Walls,-8.0,0.15942551659856716,150.0,96.0,True,0.34045938789495267,0.0,437,92,28,15.046968838905258,4.424762107990004,3.400627756175689,-0.5202120127047607,0.14039070086759864,-0.03566231323179592,0.07481467000158837,0.14039070086759864,0.8806037067523005,False,False
_E_ HOSPITAL - LEVEL 5_554620,host,554743,Walls,-8.0,0.15942551659856716,150.0,96.0,True,0.34045938789495267,0.0,179,12,25,2.1111944339889135,5.076406724631463,0.41588362566480175,-0.11238920696114008,-0.08569902784493877,-0.5355553050501398,-0.5552135046171509,-0.08569902784493877,-0.5375490051616304,False,False
_E_ HOSPITAL - LEVEL 5_554620,host,556306,Walls,-8.0,0.15942551659856716,150.0,96.0,True,0.34045938789495267,0.0,49,8,8,10.714088476383438,3.434323845351969,3.1197082624819843,-0.015416591767007048,-9.42326775182795,0.032552104420012995,-2.1914718169833876,0.032552104420012995,0.20418377882368147,False,False
_E_ HOSPITAL - LEVEL 5_554620,host,556538,Walls,-16.0,0.15942551659856716,150.0,96.0,True,0.34045938789495267,0.0,68,11,8,2.256695205099497,1.449508605980327,1.5568691319174721,-0.5266493361017126,0.02363481358649011,-0.0750227732757196,-0.09908169991601312,0.02363481358649011,0.14824987925867902,False,False
_E_ HOSPITAL - LEVEL 5_554620,host,612409,Windows,-2.666666666666657,0.15942551659856716,150.0,96.0,True,0.34045938789495267,0.0,42,6,15,1.5597724516964462,2.6659500546002732,0.5850718954786702,-0.003884865622772793,-0.5993344864822561,-0.11495140588348818,-0.15961589973827017,-0.003884865622772793,-0.024367903618307662,False,False
_E_ HOSPITAL - LEVEL 5_554620,host,627927,Walls,-5.25,0.15942551659856716,150.0,96.0,True,0.34045938789495267,0.0,125,125,30,20.87039337190291,4.891092785588917,4.2670205385175475,-0.5547893938677895,-0.3874144032142013,-0.03277394638044484,-0.07555334125144242,-0.03277394638044484,-0.20557528731720853,False,False
_E_ HOSPITAL - LEVEL 5_554620,host,627928,Walls,-5.25,0.15942551659856716,150.0,96.0,True,0.34045938789495267,0.0,5,12,48,2.272215560336793,9.673641441801134,0.23488730422839918,-0.23475216631002027,-0.12435719484399499,-0.4522915794527904,-1.568925065617119,-0.12435719484399499,-0.7800331935390614,False,False
_E_ HOSPITAL - LEVEL 5_554620,host,627929,Walls,-5.25,0.15942551659856716,150.0,96.0,True,0.34045938789495267,0.0,9,125,30,21.966842438119983,5.14754800636095,4.267438091101827,-1.1584907839563883,-0.880162079342675,-0.13225435189502122,-0.23252815650889858,-0.13225435189502122,-0.8295682818957844,False,False
_E_ HOSPITAL - LEVEL 5_554620,host,628795,Walls,-5.25,0.15942551659856716,150.0,96.0,True,0.34045938789495267,0.0,36,36,9,6.322867669536095,1.488482458635687,4.247861728469079,-0.25831675086563344,-0.32523232112201406,0.04994389901950669,-0.1035967082679825,0.04994389901950669,0.3132741864984213,False,False
_E_ HOSPITAL - LEVEL 5_554620,host,629815,Walls,-5.25,0.15942551659856716,150.0,96.0,True,0.34045938789495267,0.0,28,420,99,71.29652473867297,16.685571025208453,4.272944847434867,-2.269573771706348,-2.068233995568434,-0.3945587861322579,-0.5078860958180087,-0.3945587861322579,-2.474878517256152,False,False
_E_ HOSPITAL - LEVEL 5_554620,host,630576,Generic Models,-5.25,0.15942551659856716,150.0,96.0,True,0.34045938789495267,0.0,1856,346,99,55.16646860504713,15.771114602931544,3.4979435502163403,-0.08367686239542493,0.07843700045253144,0.012145296099635772,-0.00013375577299257202,0.07843700045253144,0.49199778132151517,False,False
_E_ HOSPITAL - LEVEL 5_554620,host,634253,Windows,-2.916666666666657,0.15942551659856716,150.0,96.0,True,0.34045938789495267,0.0,52,19,6,2.9905233211954823,1.6356888907779208,1.8282959174303697,0.05943640134274375,-0.020874907165470802,-0.6646382769357899,-0.014497514250656707,0.05943640134274375,0.3728161125700121,False,False
_E_ HOSPITAL - LEVEL 5_554620,host,634254,Windows,-2.916666666666657,0.15942551659856716,150.0,96.0,True,0.34045938789495267,0.0,53,19,7,2.9905233211954823,1.6356888907779208,1.8282959174303697,0.11081076367816678,-0.07224926950083699,-0.5445437705979295,0.024833496009986078,0.11081076367816678,0.6950629111473282,False,False
_E_ HOSPITAL - LEVEL 5_554620,host,634255,Windows,-2.916666666666657,0.15942551659856716,150.0,96.0,True,0.34045938789495267,0.0,52,18,7,2.9905233211954823,1.6356888907779208,1.8282959174303697,0.01227487963246432,-0.13313890205375145,-0.5622072466439008,0.04249697205595737,0.04249697205595737,0.2665631761003766,False,False
_E_ HOSPITAL - LEVEL 5_554620,host,634256,Windows,-2.916666666666657,0.15942551659856716,150.0,96.0,True,0.34045938789495267,0.0,53,19,7,2.9905233211954823,1.6356888907779208,1.8282959174303697,0.06364924196790867,-0.025087747790578874,-0.6015382569046537,0.08182798231671029,0.08182798231671029,0.5132677883851733,False,False
_E_ HOSPITAL - LEVEL 5_554620,host,634257,Windows,-2.916666666666657,0.15942551659856716,150.0,96.0,True,0.34045938789495267,0.0,52,18,7,2.9905233211954823,1.6356888907779208,1.8282959174303697,-0.006885478692602476,-0.11397854372868466,-0.5753633531527811,0.0556530785648377,0.0556530785648377,0.34908513864171403,False,False
_E_ HOSPITAL - LEVEL 5_554620,host,634258,Windows,-2.916666666666657,0.15942551659856716,150.0,96.0,True,0.34045938789495267,0.0,53,19,7,2.9905233211954823,1.6356888907779208,1.8282959174303697,0.044488883642785026,-0.0059273894655120785,-0.614694363413534,0.09498408882559062,0.09498408882559062,0.5957897509265107,False,False
_E_ HOSPITAL - LEVEL 5_554620,host,651428,Generic Models,-6.25,0.15942551659856716,150.0,96.0,True,0.34045938789495267,0.0,6592,218,891,34.80885346093187,142.1232041486726,0.24492026949039888,0.08989361082371516,-0.14398445326789577,-0.11678803259766823,0.04171917324839569,0.08989361082371516,0.5638596175922511,False,False
_E_ HOSPITAL - LEVEL 5_554620,host,679954,Windows,-2.6666666666666288,0.15942551659856716,150.0,96.0,True,0.34045938789495267,0.0,42,6,15,1.5597724516964462,2.6659500546002732,0.5850718954786702,0.018878131772005702,-0.6220974838770346,-0.101442840936528,-0.17312446468523035,0.018878131772005702,0.1184134897272484,False,False
_E_ HOSPITAL - LEVEL 5_554620,host,680016,Windows,-2.6666666666666003,0.15942551659856716,150.0,96.0,True,0.34045938789495267,0.0,43,6,15,1.5597724516964462,2.6659500546002732,0.5850718954786702,0.04164112916672735,-0.6448604812717562,-0.08793427598951098,-0.18663302963224737,0.04164112916672735,0.2611948830724479,False,False
_E_ HOSPITAL - LEVEL 5_554620,host,680076,Windows,-2.666666666666572,0.15942551659856716,150.0,96.0,True,0.34045938789495267,0.0,42,6,15,1.5597724516964462,2.6659500546002732,0.5850718954786702,0.06440412656150585,-0.6676234786665347,-0.0744257110425508,-0.20014159457920755,0.06440412656150585,0.403976276418004,False,False
_E_ HOSPITAL - LEVEL 5_554620,host,680136,Windows,-2.6666666666665435,0.15942551659856716,150.0,96.0,True,0.34045938789495267,0.0,42,6,15,1.5597724516964462,2.6659500546002732,0.5850718954786702,-0.07225839264233969,-0.5309609594626892,-0.06091714609553378,-0.21365015952622457,-0.06091714609553378,-0.382104116048894,False,False
_E_ HOSPITAL - LEVEL 5_554620,host,680196,Windows,-2.666666666666515,0.15942551659856716,150.0,96.0,True,0.34045938789495267,0.0,42,6,15,1.5597724516964462,2.665950054600245,0.5850718954786764,-0.049495395247618035,-0.5537239568574677,-0.047408581148602025,-0.2271587244731279,-0.047408581148602025,-0.2973713503339409,False,False
_E_ HOSPITAL - LEVEL 5_554620,host,680256,Windows,-2.6666666666664867,0.15942551659856716,150.0,96.0,True,0.34045938789495267,0.0,42,6,15,1.5597724516964462,2.665950054600245,0.5850718954786764,-0.026732397852850198,-0.5764869542521787,-0.033900016201585004,-0.24066728942014493,-0.026732397852850198,-0.16767954354610795,False,False
_E_ HOSPITAL - LEVEL 5_554620,host,680318,Windows,-2.6666666666664582,0.15942551659856716,150.0,96.0,True,0.34045938789495267,0.0,42,6,15,1.5597724516964462,2.665950054600245,0.5850718954786764,-0.0039694004580717035,-0.5992499516469572,-0.020391451254624826,-0.2541758543671051,-0.0039694004580717035,-0.02489815020055189,False,False
_E_ HOSPITAL - LEVEL 5_554620,host,680458,Windows,-2.66666666666643,0.15942551659856716,150.0,96.0,True,0.34045938789495267,0.0,43,6,15,1.5597724516964462,2.665950054600245,0.5850718954786764,0.018793596936657053,-0.6220129490416859,-0.006882886307636227,-0.2676844193140937,0.018793596936657053,0.11788324314469219,False,False
_E_ HOSPITAL - LEVEL 5_554620,host,680511,Windows,-2.6666666666664014,0.15942551659856716,150.0,96.0,True,0.34045938789495267,0.0,42,6,15,1.5597724516964462,2.665950054600245,0.5850718954786764,0.041556594331431995,-0.6447759464364609,0.006625678639295529,-0.28119298426102546,0.041556594331431995,0.260664636490226,False,False
_E_ HOSPITAL - LEVEL 5_554620,host,680568,Windows,-2.666666666666373,0.15942551659856716,150.0,96.0,True,0.34045938789495267,0.0,40,6,14,1.5597724516964462,2.665950054600245,0.5850718954786764,0.0643195917261643,-0.6675389438311932,-0.1392912730123328,-0.29470154920801406,0.0643195917261643,0.4034460298354923,False,False
_E_ HOSPITAL - LEVEL 5_554620,host,680623,Windows,-2.6666666666663446,0.15942551659856716,150.0,96.0,True,0.34045938789495267,0.0,40,5,14,1.5597724516964462,2.665950054600245,0.5850718954786764,-0.07234292747767057,-0.6903019412259752,-0.1257827080653442,-0.3082101141549458,-0.07234292747767057,-0.4537725768192415,False,False
_E_ HOSPITAL - LEVEL 5_554620,host,680680,Windows,-2.666666666666316,0.15942551659856716,150.0,96.0,True,0.34045938789495267,0.0,40,6,14,1.5597724516964462,2.665950054600245,0.5850718954786764,-0.049579930082902735,-0.5536394220221261,-0.11227414311832717,-0.32171867910196283,-0.049579930082902735,-0.31099118347375226,False,False
_E_ HOSPITAL - LEVEL 5_554620,host,680897,Windows,-2.6666666666662877,0.15942551659856716,150.0,96.0,True,0.34045938789495267,0.0,42,6,15,1.5597724516964462,2.665950054600245,0.5850718954786764,-0.02681693268818819,-0.5764024194168975,-0.09876557817131726,-0.1758017274504695,-0.02681693268818819,-0.16820979012859733,False,False
_E_ HOSPITAL - LEVEL 5_554620,host,680957,Windows,-2.6666666666662593,0.15942551659856716,150.0,96.0,True,0.34045938789495267,0.0,42,6,15,1.5597724516964497,2.665950054600245,0.5850718954786778,-0.00405393529341147,-0.5991654168116209,-0.0852570132243855,-0.18931029239740127,-0.00405393529341147,-0.02542839678305239,False,False
_E_ HOSPITAL - LEVEL 5_554620,host,681013,Windows,-2.666666666666231,0.15942551659856716,150.0,96.0,True,0.34045938789495267,0.0,42,6,15,1.5597724516964497,2.665950054600245,0.5850718954786778,0.01870906210130663,-0.6219284142063959,-0.07174844827741111,-0.20281885734437566,0.01870906210130663,0.11735299656212483,False,False
_E_ HOSPITAL - LEVEL 5_554620,host,681075,Windows,-2.6666666666662024,0.15942551659856716,150.0,96.0,True,0.34045938789495267,0.0,42,6,15,1.5597724516964497,2.665950054600245,0.5850718954786778,0.04147205949608157,-0.644691411601114,-0.05823988333033725,-0.21632742229133584,0.04147205949608157,0.26013438990765864,False,False
_E_ HOSPITAL - LEVEL 5_554620,host,716054,Generic Models,-6.25,0.15942551659856716,150.0,96.0,True,0.34045938789495267,0.0,7205,233,951,36.98029915301395,151.51107461576464,0.24407654190821884,0.037191152661470994,0.12865506179072383,0.02960686183584471,0.07298480763685689,0.12865506179072383,0.8069916568918939,False,False
_E_ HOSPITAL - LEVEL 5_554620,host,734841,Walls,-5.25,0.15942551659856716,150.0,96.0,True,0.34045938789495267,0.0,63,16,63,2.4133726892539276,10.27714485937662,0.2348291011050627,0.12984242760344422,0.00759314871970318,-0.20267850863922376,-0.030658805027655944,0.12984242760344422,0.8144394346256814,False,False
_E_ HOSPITAL - LEVEL 5_554620,host,734842,Walls,-5.25,0.15942551659856716,150.0,96.0,True,0.34045938789495267,0.0,10,104,25,17.93971110881523,4.20561747264432,4.265654502699094,-1.381596625547564,0.02213924298331804,-0.34993246361173647,0.1299529059315887,0.1299529059315887,0.8151324123277557,False,False
_E_ HOSPITAL - LEVEL 5_554620,host,734844,Walls,-0.25,0.15942551659856716,150.0,96.0,True,0.34045938789495267,0.0,5,48,12,7.817893790042911,1.8381633198885083,4.253100747607724,-0.012363858878643441,-0.15310513443304208,-0.021126361060964882,0.09606924035523434,0.09606924035523434,0.602596387359599,False,False
_E_ HOSPITAL - LEVEL 5_554620,host,734845,Walls,-5.25,0.15942551659856716,150.0,96.0,True,0.34045938789495267,0.0,1,1,1,0.10375737352343606,0.40261179809149894,0.25771071293806397,0.05463339313829785,0.001034749936883017,-0.33490593696754445,0.09171965547460559,0.09171965547460559,0.5753135221481221,False,False
_E_ HOSPITAL - LEVEL 5_554620,host,734846,Walls,-5.25,0.15942551659856716,150.0,96.0,True,0.34045938789495267,0.0,2,2,2,0.49430374590470016,0.12520376756393148,3.9479941819825752,-0.1133754735574275,-0.06207723915015251,0.10074141579792695,0.09290584983526173,0.10074141579792695,0.631902708846749,False,False
_E_ HOSPITAL - LEVEL 5_554620,host,734847,Walls,-5.25,0.15942551659856716,150.0,96.0,True,0.34045938789495267,0.0,63,15,63,2.355249165582137,10.028643452139647,0.23485221872950685,0.03304601176096966,0.0030875716354081817,-0.07133531219017186,0.08649940576026438,0.08649940576026438,0.5425693929414672,False,False
_E_ HOSPITAL - LEVEL 5_554620,host,734848,Walls,-5.25,0.15942551659856716,150.0,96.0,True,0.34045938789495267,0.0,214,214,51,34.873712718546656,8.166415338396718,4.270381957500741,-0.5151235937815386,-0.24152857267172756,-0.042668128737034294,0.006954136867221905,0.006954136867221905,0.04361997386360927,False,False
_E_ HOSPITAL - LEVEL 5_554620,host,734849,Walls,-5.25,0.15942551659856716,150.0,96.0,True,0.34045938789495267,0.0,109,110,27,17.64597230254656,4.136913095275531,4.2654926260594515,-0.07197432404264958,-0.03719115266150652,0.04193763566783559,0.12563821721792579,0.12563821721792579,0.7880684340781052,False,False
_E_ HOSPITAL - LEVEL 5_554620,host,736768,Doors,-3.4166666666668704,0.15942551659856716,150.0,96.0,True,0.34045938789495267,0.0,78,25,23,4.375731903427522,4.278600330180069,1.0227017168587385,-0.41309673609529085,0.02300274763194121,-0.00044675618261180716,-0.6113666922304049,0.02300274763194121,0.14428523189209444,False,False
_E_ HOSPITAL - LEVEL 5_554620,host,739695,Walls,-4.916666666666657,0.15942551659856716,150.0,96.0,True,0.34045938789495267,0.0,5,59,14,11.578830011017736,2.726721588634561,4.246429140136737,-2.327288678748644,0.15456414704640764,-0.5740774800125266,0.07931312375792032,0.15456414704640764,0.9695069543704197,False,False
_E_ HOSPITAL - LEVEL 5_554620,host,739696,Walls,-4.916666666666657,0.15942551659856716,150.0,96.0,True,0.34045938789495267,0.0,18,62,261,10.369270931190243,44.14683057504997,0.23488143534024258,-0.2535670756637316,-0.2313218264153889,-0.871440623742302,-1.6653301190816094,-0.2313218264153889,-1.4509711578846967,False,False
_E_ HOSPITAL - LEVEL 5_554620,host,739697,Walls,-4.916666666666657,0.15942551659856716,150.0,96.0,True,0.34045938789495267,0.0,5,52,13,9.749450354190934,2.2974313635231027,4.243630738652486,-0.8921071564887768,-0.567216334576635,-0.07312315344586295,-0.1517764942957882,-0.07312315344586295,-0.458666561074955,False,False
_E_ HOSPITAL - LEVEL 5_554620,host,739698,Walls,-4.916666666666657,0.15942551659856716,150.0,96.0,True,0.34045938789495267,0.0,1,1,1,0.6962916120103735,2.926344870265737,0.23793901364303116,-0.44911619793444046,-0.08774989747737294,-0.9716524886083704,-1.7952668650588635,-0.08774989747737294,-0.5504131292754525,False,False
_E_ HOSPITAL - LEVEL 5_554620,host,739699,Walls,-4.916666666666657,0.15942551659856716,150.0,96.0,True,0.34045938789495267,0.0,5,48,12,9.030088727454821,2.1286176212280736,4.242231501515546,-0.44404560582740515,-0.9336183248961909,0.030255110957000397,-0.24576653300223938,0.030255110957000397,0.18977583766080966,False,False
_E_ HOSPITAL - LEVEL 5_554620,host,739700,Walls,-4.916666666666657,0.15942551659856716,150.0,96.0,True,0.34045938789495267,0.0,48,35,144,5.844208289277471,24.62179539599883,0.23735914441995506,-0.03427432453130308,-0.23004088379633814,-1.1049603599292226,-0.5595606458759335,-0.03427432453130308,-0.21498644170999112,False,False
_E_ HOSPITAL - LEVEL 5_554620,host,739701,Walls,-4.916666666666657,0.15942551659856716,150.0,96.0,True,0.34045938789495267,0.0,22,6,22,0.948752815868886,4.0021843920176465,0.23705874665874285,-0.006469701965485797,0.01426998568796023,-0.41978122611555335,-0.07504180073365774,0.01426998568796023,0.08950879377667001,False,False
_E_ HOSPITAL - LEVEL 5_554620,host,739702,Walls,-4.9141510307522935,0.15942551659856716,150.0,96.0,True,0.34045938789495267,0.0,45,45,12,7.732902535826788,1.8242194396540938,4.2390199159883375,-0.13594953354535733,-0.42280475534588646,0.06818550346316243,0.020701256065578377,0.06818550346316243,0.4276950447954531,False,False
_E_ HOSPITAL - LEVEL 5_554620,host,739703,Walls,-4.9141510307522935,0.15942551659856716,150.0,96.0,True,0.34045938789495267,0.0,83,20,82,3.5035535187061058,14.938105743158562,0.23453800494823,-0.2651435427135418,-0.04989964402119185,-0.634308629214317,-1.2309047528617505,-0.04989964402119185,-0.3129965960645996,False,False
_E_ HOSPITAL - LEVEL 5_554620,host,755294,Generic Models,-8.000000000000341,0.15942551659856716,150.0,96.0,True,0.34045938789495267,0.0,9568,959,240,153.32141810876516,39.50655207936684,3.880911141036796,-0.2847506549082546,-0.14759703583102635,-0.03256434175471412,-1.2118637539560009,-0.03256434175471412,-0.20426053777019276,False,False
_E_ HOSPITAL - LEVEL 5_554620,host,763299,Windows,-2.6666666666666288,0.15942551659856716,150.0,96.0,True,0.34045938789495267,0.0,43,6,15,1.5597724516964462,2.665950054600245,0.5850718954786764,-0.5646520761398506,-0.03856727596517828,-0.215186614260368,-0.05938069136141877,-0.03856727596517828,-0.24191407240216467,False,False
_E_ HOSPITAL - LEVEL 5_554620,host,763331,Windows,-2.6666666666666003,0.15942551659856716,150.0,96.0,True,0.34045938789495267,0.0,44,6,15,1.5597724516964462,2.665950054600245,0.5850718954786764,-0.5874150735359933,-0.01580427856909239,-0.2286951792014733,-0.04587212642019978,-0.01580427856909239,-0.09913267904840793,False,False
_E_ HOSPITAL - LEVEL 5_554620,host,763629,Windows,-2.666666666666657,0.15942551659856716,150.0,96.0,True,0.34045938789495267,0.0,43,6,15,1.5597724516964462,2.665950054600245,0.5850718954786764,-0.541463737609476,-0.061755614495609734,-0.20349655349360063,-0.07107075212818614,-0.061755614495609734,-0.3873634272179286,False,False
_E_ HOSPITAL - LEVEL 5_554620,host,763688,Windows,-2.666666666666572,0.15942551659856716,150.0,96.0,True,0.34045938789495267,0.0,42,6,15,1.5597724516964462,2.665950054600245,0.5850718954786764,-0.6101780709307221,0.006958718825693211,-0.24220374414841217,-0.032363561473260916,0.006958718825693211,0.043648714297192706,False,False
_E_ HOSPITAL - LEVEL 5_554620,host,763749,Windows,-2.6666666666665435,0.15942551659856716,150.0,96.0,True,0.34045938789495267,0.0,42,6,15,1.5597724516964462,2.665950054600245,0.5850718954786764,-0.6329410683254935,0.029721716220407757,-0.255712309095415,-0.01885499652631495,0.029721716220407757,0.18643010764234766,False,False
_E_ HOSPITAL - LEVEL 5_554620,host,763808,Windows,-2.666666666666515,0.15942551659856716,150.0,96.0,True,0.34045938789495267,0.0,40,6,14,1.5597724516964462,2.665950054600245,0.5850718954786764,-0.6557040657216078,0.052484713616578915,-0.26922087403646344,-0.16477194818382657,0.052484713616578915,0.3292115009966392,False,False
_E_ HOSPITAL - LEVEL 5_554620,host,763871,Windows,-2.6666666666664867,0.15942551659856716,150.0,96.0,True,0.34045938789495267,0.0,40,6,14,1.5597724516964462,2.665950054600245,0.5850718954786764,-0.6784670631149936,0.0752477110099079,-0.2827294389893922,-0.15126338323089783,0.0752477110099079,0.4719928943331032,False,False
_E_ HOSPITAL - LEVEL 5_554620,host,763930,Windows,-2.6666666666664582,0.15942551659856716,150.0,96.0,True,0.34045938789495267,0.0,40,6,14,1.5597724516964462,2.665950054600245,0.5850718954786764,-0.5399109859258076,-0.06330836617922131,-0.30433372481348897,-0.12965909740680104,-0.06330836617922131,-0.39710309572733915,False,False
_E_ HOSPITAL - LEVEL 5_554620,host,763991,Windows,-2.66666666666643,0.15942551659856716,150.0,96.0,True,0.34045938789495267,0.0,41,6,14,1.5597724516964462,2.665950054600245,0.5850718954786764,-0.5632924976838893,-0.03992685442119637,-0.31519789244991614,-0.11879492977037387,-0.03992685442119637,-0.25044205766465877,False,False
_E_ HOSPITAL - LEVEL 5_554620,host,764052,Windows,-2.6666666666664014,0.15942551659856716,150.0,96.0,True,0.34045938789495267,0.0,42,6,15,1.5597724516964462,2.665950054600245,0.5850718954786764,-0.5864805096195269,-0.016738842485501948,-0.16746383294186273,-0.1071034726798672,-0.016738842485501948,-0.1049947514214446,False,False
_E_ HOSPITAL - LEVEL 5_554620,host,764111,Windows,-2.666666666666373,0.15942551659856716,150.0,96.0,True,0.34045938789495267,0.0,43,6,15,1.5597724516964462,2.665950054600245,0.5850718954786764,-0.609668521554994,0.006449169449908254,-0.17915529003323627,-0.09541201558849366,0.006449169449908254,0.0404525548199868,False,False
_E_ HOSPITAL - LEVEL 5_554620,host,764170,Windows,-2.6666666666663446,0.15942551659856716,150.0,96.0,True,0.34045938789495267,0.0,43,6,15,1.5597724516964462,2.6659500546002732,0.5850718954786702,-0.6328565334915623,0.029637181386533484,-0.1908467471197639,-0.08372055850205129,0.029637181386533484,0.1858998610690395,False,False
_E_ HOSPITAL - LEVEL 5_554620,host,764229,Windows,-2.666666666666316,0.15942551659856716,150.0,96.0,True,0.34045938789495267,0.0,42,6,15,1.5597724516964462,2.6659500546002732,0.5850718954786702,-0.6556195308863337,0.05240017878124803,-0.20435531206672408,-0.07021199355503427,0.05240017878124803,0.32868125441419443,False,False
_E_ HOSPITAL - LEVEL 5_554620,host,764288,Windows,-2.6666666666662877,0.15942551659856716,150.0,96.0,True,0.34045938789495267,0.0,41,5,15,1.5597724516964462,2.6659500546002732,0.5850718954786702,-0.6783825282796627,-0.08426234042392622,-0.21786387701968124,-0.056703428602133954,-0.056703428602133954,-0.35567348196156684,False,False
_E_ HOSPITAL - LEVEL 5_554620,host,764349,Windows,-2.6666666666662593,0.15942551659856716,150.0,96.0,True,0.34045938789495267,0.0,42,7,15,1.5597724516964462,2.6659500546002732,0.5850718954786702,-0.5417200090772738,0.09792617357074818,-0.23137244196067286,-0.04319486366108549,0.09792617357074818,0.61424404110495,False,False
_E_ HOSPITAL - LEVEL 5_554620,host,764412,Windows,-2.666666666666231,0.15942551659856716,150.0,96.0,True,0.34045938789495267,0.0,42,6,15,1.5597724516964462,2.6659500546002732,0.5850718954786702,-0.5644830064705815,-0.03873634563444739,-0.24488100691365844,-0.029686298708156755,-0.029686298708156755,-0.18620795053094757,False,False
_E_ HOSPITAL - LEVEL 5_554620,host,764471,Windows,-2.6666666666662024,0.15942551659856716,150.0,96.0,True,0.34045938789495267,0.0,43,6,15,1.5597724516964462,2.6659500546002732,0.5850718954786702,-0.5872460038667668,-0.015973348238318863,-0.25838957185462164,-0.016177733767136715,-0.015973348238318863,-0.10019317220429458,False,False
_E_ HOSPITAL - LEVEL 5_554620,host,764530,Windows,-2.666666666666174,0.15942551659856716,150.0,96.0,True,0.34045938789495267,0.0,43,6,15,1.5597724516964462,2.6659500546002732,0.5850718954786702,-0.6100090012614956,0.006789649156466737,-0.2718981368015534,-0.002669168820204959,0.006789649156466737,0.04258822114130605,False,False
_E_ HOSPITAL - LEVEL 5_554620,host,810163,Windows,-3.58333333333357,0.15942551659856716,150.0,96.0,True,0.34045938789495267,0.0,78,27,9,4.426897033536335,2.2017637068205946,2.0106140453776904,-0.12133283220987323,-0.0010752531651689878,-0.2721230578040288,-0.4948109996293546,-0.0010752531651689878,-0.006744548727895743,False,False
_E_ HOSPITAL - LEVEL 5_554620,host,810174,Windows,-3.5833333333335844,0.15942551659856716,150.0,96.0,True,0.34045938789495267,0.0,77,27,8,4.426897033536335,2.2017637068205946,2.0106140453776904,-0.02934508277525083,-0.09306300259979139,-0.4073411493179364,-0.5190184247141776,-0.02934508277525083,-0.18406766621394513,False,False
_E_ HOSPITAL - LEVEL 5_554620,host,810300,Windows,-3.583333333333343,0.15942551659856716,150.0,96.0,True,0.34045938789495267,0.0,77,27,8,4.426897033536335,2.2017637068205933,2.0106140453776917,-0.0507124888934527,-0.07169559648147583,-0.4398563850955859,-0.4865031889364131,-0.0507124888934527,-0.31809518310137613,False,False
_E_ HOSPITAL - LEVEL 5_554620,host,810313,Windows,-3.583333333333357,0.15942551659856716,150.0,96.0,True,0.34045938789495267,0.0,78,27,9,4.426897033536335,2.2017637068205937,2.0106140453776913,-0.11882121491470343,-0.003586870460338787,-0.2936693934549073,-0.4732646639784752,-0.003586870460338787,-0.022498722518619858,False,False
_E_ HOSPITAL - LEVEL 5_554620,host,812293,Windows,-3.6666666666668846,0.15942551659856716,150.0,96.0,True,0.34045938789495267,0.0,76,27,9,4.42663679082267,2.1980249856362204,2.0139155922931313,-0.11287517362725907,-0.009272669034118053,-0.36039858699438954,-0.4027967492547333,-0.009272669034118053,-0.05816301701230549,False,False
_E_ HOSPITAL - LEVEL 5_554620,host,812305,Windows,-3.666666666666856,0.15942551659856716,150.0,96.0,True,0.34045938789495267,0.0,77,27,9,4.42663679082267,2.198024985636221,2.013915592293131,-0.04446679407917031,-0.07768104858220681,-0.3837986213396336,-0.3793967149094897,-0.04446679407917031,-0.27891892733292833,False,False
_E_ HOSPITAL - LEVEL 5_554620,host,812318,Windows,-3.6666666666668277,0.15942551659856716,150.0,96.0,True,0.34045938789495267,0.0,77,27,9,4.42663679082267,2.198024985636221,2.013915592293131,-0.10290452000026562,-0.019243322661111506,-0.3624860122293656,-0.4007093240197577,-0.019243322661111506,-0.12070415747540665,False,False
_E_ HOSPITAL - LEVEL 5_554620,host,818387,Windows,-3.5833333333333997,0.15942551659856716,150.0,96.0,True,0.34045938789495267,0.0,76,28,9,4.427089495693863,2.204566658729588,2.0081449921977113,-0.00920128239516771,0.046026251461213974,-0.3740579549342309,-0.39567905440825957,0.046026251461213974,0.2887006574807463,False,False
_E_ HOSPITAL - LEVEL 5_554620,host,818388,Windows,-3.583333333333414,0.15942551659856716,150.0,96.0,True,0.34045938789495267,0.0,78,27,9,4.4270894956938776,2.204566658729589,2.008144992197717,-0.0774719680581768,-0.04512857947435123,-0.3463011265116176,-0.4234358828308735,-0.04512857947435123,-0.28306999053347787,False,False
_E_ HOSPITAL - LEVEL 5_554620,host,818520,Windows,-3.583333333333343,0.15942551659856716,150.0,96.0,True,0.34045938789495267,0.0,76,27,8,4.427089495693863,2.204566658729587,2.008144992197712,-0.04005664189115521,-0.0825439056413586,-0.41824908360530877,-0.5109134423357977,-0.04005664189115521,-0.25125615237627036,False,False
_E_ HOSPITAL - LEVEL 5_554620,host,818798,Windows,-3.583333333333229,0.15942551659856716,150.0,96.0,True,0.34045938789495267,0.0,77,28,9,4.427089495693863,2.2045666587295853,2.008144992197714,-0.009162596612604545,0.04598756567859397,-0.36085578861943546,-0.40888122072305233,0.04598756567859397,0.2884580000727894,False,False
_E_ HOSPITAL - LEVEL 5_554620,host,818846,Windows,-3.5833333333333144,0.15942551659856716,150.0,96.0,True,0.34045938789495267,0.0,77,27,8,4.427089495693867,2.204566658729588,2.008144992197713,-0.0947843529293344,-0.027816194603239808,-0.42426467673730706,-0.5048978492038003,-0.027816194603239808,-0.17447768209703143,False,False
_E_ HOSPITAL - LEVEL 5_554620,host,818847,Windows,-3.5833333333333286,0.15942551659856716,150.0,96.0,True,0.34045938789495267,0.0,77,28,8,4.427089495693863,2.204566658729588,2.0081449921977113,-0.0036295219937301226,0.04045449105977639,-0.3965078483146929,-0.5326546776264145,0.04045449105977639,0.2537516698888337,False,False
_E_ HOSPITAL - LEVEL 5_554620,host,818952,Windows,-3.6666666666670977,0.15942551659856716,150.0,96.0,True,0.34045938789495267,0.0,76,27,9,4.426636790822666,2.19802498563622,2.01391559229313,-0.146430949006092,0.02428310634471842,-0.36318883694386983,-0.40000649930525256,0.02428310634471842,0.15231630960220244,False,False
_E_ HOSPITAL - LEVEL 5_554620,host,818953,Windows,-3.6666666666670693,0.15942551659856716,150.0,96.0,True,0.34045938789495267,0.0,77,27,8,4.426636790822666,2.19802498563622,2.01391559229313,-0.07802256945800323,-0.0441252732033135,-0.38658887128911346,-0.5360319815585122,-0.0441252732033135,-0.27677673025467286,False,False
_E_ HOSPITAL - LEVEL 5_554620,host,818954,Windows,-3.666666666667041,0.15942551659856716,150.0,96.0,True,0.34045938789495267,0.0,77,27,9,4.426636790822666,2.19802498563622,2.01391559229313,-0.13646029537915538,0.014312452717838653,-0.36527626217884723,-0.39791907407027516,0.014312452717838653,0.08977516913981438,False,False
_E_ HOSPITAL - LEVEL 5_554620,host,819012,Windows,-3.583333333333343,0.15942551659856716,150.0,96.0,True,0.34045938789495267,0.0,78,27,9,4.426897033536326,2.201763706820593,2.010614045377688,-0.04893208953489303,-0.07347599584008346,-0.35132101167590335,-0.41561304575759195,-0.04893208953489303,-0.30692758962860284,False,False
_E_ HOSPITAL - LEVEL 5_554620,host,819013,Windows,-3.583333333333357,0.15942551659856716,150.0,96.0,True,0.34045938789495267,0.0,76,27,9,4.426897033536326,2.201763706820593,2.010614045377688,-0.1170408155561149,-0.005367269818917997,-0.3645595366338412,-0.4023745207996541,-0.005367269818917997,-0.033666315991515726,False,False
_E_ HOSPITAL - LEVEL 5_554620,host,819032,Windows,-3.583333333333016,0.15942551659856716,150.0,96.0,True,0.34045938789495267,0.0,76,27,9,4.426897033536324,2.201763706820593,2.0106140453776873,-0.09171059315897168,-0.030697492216059885,-0.3488633613070711,-0.41807069612631054,-0.030697492216059885,-0.19255068367353045,False,False
_E_ HOSPITAL - LEVEL 5_554620,host,819033,Windows,-3.5833333333329733,0.15942551659856716,150.0,96.0,True,0.34045938789495267,0.0,78,27,9,4.426897033536328,2.201763706820593,2.0106140453776886,-0.07867600253137397,-0.043732082843661146,-0.34312277649463496,-0.42381128093886034,-0.043732082843661146,-0.2743104352221004,False,False
_E_ HOSPITAL - LEVEL 5_554620,host,820770,Walls,-5.001671727594669,0.15942551659856716,150.0,96.0,True,0.34045938789495267,0.0,41,10,38,1.8822460328876955,7.980177369978199,0.2358651876546997,-0.23756637957131144,-0.050424487330726464,-0.6434484587909495,-1.278559280441625,-0.050424487330726464,-0.31628868707193925,False,False
_E_ HOSPITAL - LEVEL 5_554620,host,823796,Walls,-5.001671727594669,0.15942551659856716,150.0,96.0,True,0.34045938789495267,0.0,41,9,38,1.8426970544501806,7.932644738708921,0.23229290043185383,-0.2854606758778857,-0.12240672918519735,-0.5241619233688262,-1.3503131845945848,-0.12240672918519735,-0.7677988555208325,False,False
_E_ HOSPITAL - LEVEL 5_554620,host,827752,Walls,-5.001671727594669,0.15942551659856716,150.0,96.0,True,0.34045938789495267,0.0,40,10,38,1.8503330906139297,7.844183387422566,0.23588600613044952,-0.20833142349100342,-0.047746501137211794,-0.5056698663065671,-1.2803438903704887,-0.047746501137211794,-0.29949096076908005,False,False
_E_ HOSPITAL - LEVEL 5_554620,host,828931,Walls,-5.001671727594669,0.15942551659856716,150.0,96.0,True,0.34045938789495267,0.0,39,9,38,1.8113198261648193,7.796860662432555,0.2323139920778965,-0.25622571979765496,-0.12026445698006683,-0.5460187537621879,-1.1926722779247427,-0.12026445698006683,-0.7543614067934449,False,False
_E_ HOSPITAL - LEVEL 5_554620,host,829123,Walls,-5.001671727594669,0.15942551659856716,150.0,96.0,True,0.34045938789495267,0.0,32,21,85,3.4895379799268937,14.781117314762996,0.23608079860388048,-0.2679718101669266,0.12636967880996508,0.0017075719848840265,-1.2316559758696481,0.12636967880996508,0.7926565427300039,False,False
_E_ HOSPITAL - LEVEL 5_554620,host,879172,Walls,-5.0,0.15942551659856716,150.0,96.0,True,0.34045938789495267,0.0,7,63,15,21.4428234244819,5.057924160815212,4.239451352514121,-9.819329313649774,-1.5796865651224437,-2.270358133797309,-0.39618327803944453,-0.39618327803944453,-2.485068177869121,False,False
_E_ HOSPITAL - LEVEL 5_554620,host,879173,Walls,-5.0,0.15942551659856716,150.0,96.0,True,0.34045938789495267,0.0,21,74,312,12.080526920859114,51.439185984050745,0.23485066277302302,-0.139370797920634,-0.14366789464457952,-1.205525948633401,-0.4928988566644392,-0.139370797920634,-0.8742063434648868,False,False
_E_ HOSPITAL - LEVEL 5_554620,host,879174,Walls,-5.0,0.15942551659856716,150.0,96.0,True,0.34045938789495267,0.0,10,116,28,21.222807742538805,4.989819549676058,4.253221490527969,-1.4265385989242532,-1.3029092181806732,-0.3530471487524123,-0.17285793616373635,-0.17285793616373635,-1.0842551421614144,False,False
_E_ HOSPITAL - LEVEL 5_554620,host,888454,Curtain Panels,-2.9166666666666714,0.15942551659856716,150.0,96.0,True,0.34045938789495267,0.0,27,18,5,2.952408330162342,0.7694869287453017,3.836853128845782,-0.07444999010510855,-0.008299041283038378,0.0496664722859137,-0.022025818038358125,0.0496664722859137,0.3115340213133741,False,False
_E_ HOSPITAL - LEVEL 5_554620,host,888456,Curtain Wall Mullions,-3.0,0.15942551659856716,150.0,96.0,True,0.34045938789495267,0.0,3,1,3,0.24793083328248144,0.4031590254207629,0.6149703160526414,0.03453423382595133,-0.12303955050981585,0.05343520134984203,0.02168232302501849,0.05343520134984203,0.3351734558551983,False,False
_E_ HOSPITAL - LEVEL 5_554620,host,888457,Curtain Wall Mullions,3.8333333333333286,0.15942551659856716,150.0,96.0,True,0.34045938789495267,0.0,34,18,8,3.0190420191625265,1.0534400867391298,2.8658886795430556,-0.08396908853370633,-0.06541363185462501,0.12512908434546688,0.09683496170388395,0.12512908434546688,0.7848748871270177,False,False
_E_ HOSPITAL - LEVEL 5_554620,host,888460,Curtain Panels,-2.9166666666666714,0.15942551659856716,150.0,96.0,True,0.34045938789495267,0.0,27,18,5,3.0335378038748786,0.7885251256025043,3.8471035422707454,-0.007905724747757858,-0.1559727803529256,-0.02102726195978022,0.029629719350133144,0.029629719350133144,0.1858530552843725,False,False
_E_ HOSPITAL - LEVEL 5_554620,host,888462,Curtain Wall Mullions,3.8333333333333286,0.15942551659856716,150.0,96.0,True,0.34045938789495267,0.0,35,18,7,3.100171492875063,1.0724782835963254,2.8906613218118546,-0.17685033977485887,-0.053661854326009006,0.05443535009979428,-0.01093501750614223,0.05443535009979428,0.3414469105147219,False,False
_E_ HOSPITAL - LEVEL 5_554620,host,888464,Curtain Panels,-2.9166666666666714,0.15942551659856716,150.0,96.0,True,0.34045938789495267,0.0,27,18,6,2.952408330162342,0.7694869287453017,3.836853128845782,-0.019657502276402283,-0.06309152911174465,0.08674271725037386,0.10032345359568495,0.10032345359568495,0.6292810318959106,False,False
_E_ HOSPITAL - LEVEL 5_554620,host,888466,Curtain Wall Mullions,3.8333333333333286,0.15942551659856716,150.0,96.0,True,0.34045938789495267,0.0,32,17,7,3.0190420191625265,1.0534400867391227,2.8658886795430747,-0.1886021173036454,-0.12020611968330286,0.002779812711416696,0.059758716739438,0.059758716739438,0.3748378428649551,False,False
_E_ HOSPITAL - LEVEL 5_554620,host,888473,Curtain Wall Mullions,-3.0,0.15942551659856716,150.0,96.0,True,0.34045938789495267,0.0,3,1,3,0.24793083328248144,0.4031590254207629,0.6149703160526414,-0.08680251936024774,-0.001702797323730465,-0.07237282596744166,0.14749035034241587,0.14749035034241587,0.9251364115933587,False,False
_E_ HOSPITAL - LEVEL 5_554620,host,888475,Curtain Wall Mullions,-3.0,0.15942551659856716,150.0,96.0,True,0.34045938789495267,0.0,6,3,3,0.24793083328245302,0.4031590254207629,0.6149703160525709,0.13916726259571988,0.0911784539174505,0.016358956385381873,0.05875856798947865,0.13916726259571988,0.8729296637384749,False,False
_E_ HOSPITAL - LEVEL 5_554620,host,888479,Curtain Wall Mullions,-3.0,0.15942551659856716,150.0,96.0,True,0.34045938789495267,0.0,7,3,4,0.24793083328245302,0.4031590254207629,0.6149703160525709,0.12741548506707545,0.10293023144620861,0.12412893559551463,0.11041410537796281,0.12741548506707545,0.799216385090394,False,False
_E_ HOSPITAL - LEVEL 5_554620,host,888546,Walls,-5.0,0.15942551659856716,150.0,96.0,True,0.34045938789495267,0.0,21,17,70,3.1159760817334643,13.237601185736452,0.23538827299699408,-0.2047797852064832,-0.2009625143512892,-1.3278903348603563,-0.749924688976435,-0.2009625143512892,-1.260541716526546,False,False
_E_ HOSPITAL - LEVEL 5_554620,host,896102,Walls,3.0,0.15942551659856716,150.0,96.0,True,0.34045938789495267,0.0,3404,460,111,178.59509306053207,41.871750307348094,4.265288452228622,0.05460934466384515,-105.31396476985503,-0.04091885815134333,-24.134599106755786,0.05460934466384515,0.3425382951798818,False,False
_E_ HOSPITAL - LEVEL 5_554620,host,896106,Walls,3.0,0.15942551659856716,150.0,96.0,True,0.34045938789495267,0.0,1361,185,49,29.952083096815755,7.790881936272257,3.8445048123970267,-0.5455035489725617,0.08714102289172843,-0.11253978258118025,0.13350815963870843,0.13350815963870843,0.8374328180781843,False,False
_E_ HOSPITAL - LEVEL 5_554620,host,896107,Walls,3.0,0.15942551659856716,150.0,96.0,True,0.34045938789495267,0.0,7590,241,1023,38.40779319422245,163.48711499864595,0.23492856421462055,-0.057611220795195095,0.07136752682748693,0.10030480721098911,-0.49511632552268736,0.10030480721098911,0.6291640720447295,False,False
_E_ HOSPITAL - LEVEL 5_554620,host,896108,Walls,3.0,0.15942551659856716,150.0,96.0,True,0.34045938789495267,0.0,1314,178,47,88.43457882024495,21.199748180629925,4.171491947298085,-59.49957990736601,-0.5572569583339941,-13.635973895382776,-0.07077500511454105,-0.07077500511454105,-0.4439377498945306,False,False
_E_ HOSPITAL - LEVEL 5_554620,host,896112,Walls,3.0,0.15942551659856716,150.0,96.0,True,0.34045938789495267,0.0,33,85,280,20.11388876085806,49.77499122436183,0.4040962793985092,-1.1269584323759432,-5.435761417603885,-3.7189588692666966,-1.4168877074963717,-1.1269584323759432,-7.068871134434648,False,False
_E_ HOSPITAL - LEVEL 5_554620,host,896114,Walls,3.0,0.15942551659856716,150.0,96.0,True,0.34045938789495267,0.0,3406,460,112,73.81395488938789,17.847531619540725,4.135807486597822,0.053259990650118993,-0.5314772446970721,0.08901047379455918,-0.08088423429575897,0.08901047379455918,0.5583201214814766,False,False
_E_ HOSPITAL - LEVEL 5_554620,host,896115,Walls,3.0,0.15942551659856716,150.0,96.0,True,0.34045938789495267,0.0,4816,155,649,24.887186397828515,104.51726514418814,0.23811555309541516,-0.15250113649695152,-0.023730188553614084,-0.5396140113668082,-0.5104908603512968,-0.023730188553614084,-0.14884812080218382,False,False
_E_ HOSPITAL - LEVEL 5_554620,host,899973,Generic Models,-8.000000000000341,0.15942551659856716,150.0,96.0,True,0.34045938789495267,0.0,8498,961,241,153.5392971934206,39.794120878385215,3.8583412274052225,0.014506762223266634,-0.3458825044208709,-1.1804742987385453,-0.1920970793919281,0.014506762223266634,0.09099397971401658,False,False
_E_ HOSPITAL - LEVEL 5_554620,host,910996,Walls,-5.001671727594669,0.15942551659856716,150.0,96.0,True,0.34045938789495267,0.0,13,9,35,1.7936469826902623,7.98530161168857,0.22461856419609655,-0.09996100053673729,-0.2588563327664275,-1.3274375169915231,-1.0779710137471596,-0.09996100053673729,-0.6270075372466172,False,False
_E_ HOSPITAL - LEVEL 5_554620,host,911043,Walls,-5.001671727594669,0.15942551659856716,150.0,96.0,True,0.34045938789495267,0.0,41,10,38,1.8535235617006691,8.123586359011227,0.22816567459083098,-0.021455281522477776,-0.23781311419259055,-1.5323469676805104,-0.5330697605850929,-0.021455281522477776,-0.134578717260814,False,False
_E_ HOSPITAL - LEVEL 5_554620,host,913706,Walls,-5.001671727594726,0.15942551659856716,150.0,96.0,True,0.34045938789495267,0.0,18,8,31,2.040324794721826,8.153779253329432,0.2502305656470526,-0.10047039417058556,-0.66445026776276,-2.6493084495163544,-0.5622797892575448,-0.10047039417058556,-0.6302027198291578,False,False
_E_ HOSPITAL - LEVEL 5_554620,host,916536,Walls,-5.001671727594669,0.15942551659856716,150.0,96.0,True,0.34045938789495267,0.0,41,10,39,1.8991128380202156,8.324438197816576,0.2281370577678546,-0.023348065041027155,-0.2815096069935308,-1.525182354352296,-0.5816606961201529,-0.023348065041027155,-0.1464512428071191,False,False
_E_ HOSPITAL - LEVEL 5_554620,host,916582,Walls,-5.001671727594726,0.15942551659856716,150.0,96.0,True,0.34045938789495267,0.0,39,10,39,2.0901055426582182,8.353647503087387,0.25020274579287016,-0.10655464930600544,-0.3892957273664983,-1.5261652199980347,-0.6098871357452254,-0.10655464930600544,-0.6683663417212543,False,False
_E_ HOSPITAL - LEVEL 5_554620,host,917540,Floors,3.0,0.15942551659856716,150.0,96.0,True,0.34045938789495267,0.0,1464816,1563,1804,250.65036073804913,290.23131478144506,0.86362273115428,-0.10481617193381965,-1.3634621225548358,-1.2909326044710525,-1.336750233158881,-0.10481617193381965,-0.6574617048144581,False,False
_E_ HOSPITAL - LEVEL 5_554620,host,928049,Windows,-3.58333333333357,0.15942551659856716,150.0,96.0,True,0.34045938789495267,0.0,76,27,8,4.427089495693863,2.20456665872959,2.00814499219771,-0.042636492856544805,-0.07996405467591217,-0.5240608177458626,-0.4051017081951329,-0.042636492856544805,-0.2674383233388124,False,False
_E_ HOSPITAL - LEVEL 5_554620,host,928050,Windows,-3.5833333333335844,0.15942551659856716,150.0,96.0,True,0.34045938789495267,0.0,77,27,8,4.4270894956938776,2.20456665872959,2.008144992197716,-0.11112538525875948,-0.01147516227382539,-0.4963551946702651,-0.43280733127073034,-0.01147516227382539,-0.0719782034811893,False,False
_E_ HOSPITAL - LEVEL 5_554620,host,928057,Windows,-3.583333333333343,0.15942551659856716,150.0,96.0,True,0.34045938789495267,0.0,78,28,9,4.4270894956938776,2.204566658729597,2.00814499219771,0.03137188069712238,0.005453088368795989,-0.3842186479406138,-0.38551836140188556,0.03137188069712238,0.19678080000277906,False,False
_E_ HOSPITAL - LEVEL 5_554620,host,928058,Windows,-3.583333333333357,0.15942551659856716,150.0,96.0,True,0.34045938789495267,0.0,78,27,9,4.4270894956938776,2.20456665872959,2.008144992197716,-0.037753449544069895,-0.08484709798851497,-0.3940738626035909,-0.37566314673890133,-0.037753449544069895,-0.23680932857901874,False,False
_E_ HOSPITAL - LEVEL 5_554620,host,928062,Windows,-3.6666666666668846,0.15942551659856716,150.0,96.0,True,0.34045938789495267,0.0,77,27,9,4.427089495693849,2.20456665872959,2.0081449921977033,-0.11738289089403509,-0.005217656638521362,-0.4630297764715863,-0.30670723287090595,-0.005217656638521362,-0.03272786408250695,False,False
_E_ HOSPITAL - LEVEL 5_554620,host,928063,Windows,-3.666666666666856,0.15942551659856716,150.0,96.0,True,0.34045938789495267,0.0,78,27,9,4.427089495693849,2.20456665872959,2.0081449921977033,-0.05100793597802067,-0.07159261155442209,-0.4784993905037851,-0.29123761883870714,-0.05100793597802067,-0.3199483813275541,False,False
_E_ HOSPITAL - LEVEL 5_554620,host,928064,Windows,-3.6666666666668277,0.15942551659856716,150.0,96.0,True,0.34045938789495267,0.0,78,27,9,4.427089495693849,2.20456665872959,2.0081449921977033,-0.11156230232185749,-0.01103824521069896,-0.44893181686751404,-0.3208051924749782,-0.01103824521069896,-0.06923763175560672,False,False
_E_ HOSPITAL - LEVEL 5_554620,host,928070,Windows,-3.5833333333333997,0.15942551659856716,150.0,96.0,True,0.34045938789495267,0.0,77,27,9,4.4270894956938776,2.20456665872959,2.008144992197716,-0.08926598842624855,-0.033334559106336314,-0.45538355683112286,-0.31435345251136937,-0.033334559106336314,-0.20909174276206116,False,False
_E_ HOSPITAL - LEVEL 5_554620,host,928071,Windows,-3.583333333333414,0.15942551659856716,150.0,96.0,True,0.34045938789495267,0.0,78,27,9,4.4270894956938776,2.20456665872959,2.008144992197716,0.0016343655939152768,-0.12423491312650015,-0.42768644507359,-0.34205056426890224,0.0016343655939152768,0.010251593526465423,False,False
_E_ HOSPITAL - LEVEL 5_554620,host,928075,Windows,-3.583333333333343,0.15942551659856716,150.0,96.0,True,0.34045938789495267,0.0,77,28,8,4.427089495693863,2.20456665872959,2.00814499219771,0.040129847587884626,-0.003304878521895205,-0.4993809280803987,-0.4297815978605968,0.040129847587884626,0.2517153366918762,False,False
_E_ HOSPITAL - LEVEL 5_554620,host,928078,Windows,-3.583333333333229,0.15942551659856716,150.0,96.0,True,0.34045938789495267,0.0,78,27,9,4.4270894956938776,2.20456665872959,2.008144992197716,-0.08891099577530781,-0.033689551757220215,-0.4421071645642627,-0.32762984477822954,-0.033689551757220215,-0.21131844184046383,False,False
_E_ HOSPITAL - LEVEL 5_554620,host,928082,Windows,-3.5833333333333144,0.15942551659856716,150.0,96.0,True,0.34045938789495267,0.0,78,27,9,4.427089495693863,2.20456665872959,2.00814499219771,-0.014028979577894063,-0.10857156795461975,-0.5052630244367577,-0.2644739849057345,-0.014028979577894063,-0.08799707774018999,False,False
_E_ HOSPITAL - LEVEL 5_554620,host,928083,Windows,-3.5833333333333286,0.15942551659856716,150.0,96.0,True,0.34045938789495267,0.0,78,27,9,4.427089495693863,2.20456665872959,2.00814499219771,-0.082554142156269,-0.040046405376301664,-0.4775659126792249,-0.29217109666326735,-0.040046405376301664,-0.2511919436155152,False,False
_E_ HOSPITAL - LEVEL 5_554620,host,928089,Windows,-3.6666666666670977,0.15942551659856716,150.0,96.0,True,0.34045938789495267,0.0,78,28,9,4.427089495693863,2.2045666587295614,2.0081449921977357,0.036841386834172596,-1.641776812633111e-05,-0.41746843321574545,-0.35226857612671836,0.036841386834172596,0.2310883955103565,False,False
_E_ HOSPITAL - LEVEL 5_554620,host,928090,Windows,-3.6666666666670693,0.15942551659856716,150.0,96.0,True,0.34045938789495267,0.0,78,27,9,4.427089495693863,2.2045666587295614,2.0081449921977357,-0.05620917484836241,-0.06639137268420825,-0.4329380472479585,-0.3367989620945053,-0.05620917484836241,-0.35257326460416555,False,False
_E_ HOSPITAL - LEVEL 5_554620,host,928099,Windows,-3.583333333333016,0.15942551659856716,150.0,96.0,True,0.34045938789495267,0.0,78,28,9,4.427089495693867,2.20456665872959,2.0081449921977113,0.037943720078775556,-0.0011187510127896871,-0.4139083547619151,-0.3558286545805771,0.037943720078775556,0.2380028046220336,False,False
_E_ HOSPITAL - LEVEL 5_554620,host,928100,Windows,-3.58333333333303,0.15942551659856716,150.0,96.0,True,0.34045938789495267,0.0,77,28,9,4.427089495693867,2.20456665872959,2.0081449921977113,0.04181717116061989,-0.0049922020945771806,-0.4066333563769575,-0.3631036529655347,0.04181717116061989,0.2622991102855597,False,False
_E_ HOSPITAL - LEVEL 5_554620,host,928105,Windows,-3.583333333332959,0.15942551659856716,150.0,96.0,True,0.34045938789495267,0.0,77,27,9,4.427089495693868,2.20456665872959,2.0081449921977117,-0.00958737026020362,-0.1130131772723717,-0.4246011948558106,-0.3451358144866816,-0.00958737026020362,-0.0601369872574701,False,False
_E_ HOSPITAL - LEVEL 5_554620,host,928106,Windows,-3.5833333333329733,0.15942551659856716,150.0,96.0,True,0.34045938789495267,0.0,77,27,9,4.427089495693868,2.20456665872959,2.0081449921977117,0.00241311951050327,-0.1250136670430213,-0.41541907005495204,-0.3543179392875402,0.00241311951050327,0.015136344306661371,False,False
_E_ HOSPITAL - LEVEL 5_554620,host,929412,Walls,-12.0,0.15942551659856716,150.0,96.0,True,0.34045938789495267,0.0,4911,663,158,105.49197340624576,25.110667501901304,4.201082006213424,0.14084239680627775,0.06630170179801098,-0.019515295554072054,0.0980794162263976,0.14084239680627775,0.8834369792943395,False,False
_E_ HOSPITAL - LEVEL 5_554620,host,929413,Walls,-12.0,0.15942551659856716,150.0,96.0,True,0.34045938789495267,0.0,5058,162,684,25.89057142141823,109.53849421581319,0.23636048319605818,-0.06626808435447629,0.0026303519041164236,0.04045356055530647,-0.531894422948568,0.04045356055530647,0.2537458332794265,False,False
_E_ HOSPITAL - LEVEL 5_554620,host,929414,Walls,-12.0,0.15942551659856716,150.0,96.0,True,0.34045938789495267,0.0,1457,52,197,8.23784414441758,31.901499620929968,0.25822748906176457,-0.036771899701534494,0.08905461840942053,0.03587221792278683,-0.530545068935055,0.08905461840942053,0.5585970195326995,False,False
_E_ HOSPITAL - LEVEL 5_554620,host,929415,Walls,-12.0,0.15942551659856716,150.0,96.0,True,0.34045938789495267,0.0,10275,324,1384,51.48143778247152,220.5075483289899,0.23346791605366238,0.034683744460039634,0.13774585100418335,0.09174338217158606,0.045623261255428815,0.13774585100418335,0.864013828796471,False,False
_E_ HOSPITAL - LEVEL 5_554620,host,929416,Walls,-12.0,0.15942551659856716,150.0,96.0,True,0.34045938789495267,0.0,2626,130,310,20.63226797885065,49.43030002994452,0.41740122892945763,-0.010979816185965774,0.10402899514903652,0.12916451206812596,-0.13755439645674983,0.12916451206812596,0.8101871947723507,False,False
_E_ HOSPITAL - LEVEL 5_554620,host,929417,Walls,-12.0,0.15942551659856716,150.0,96.0,True,0.34045938789495267,0.0,5051,162,683,25.94110820797701,109.1139235515136,0.23774333617221632,-0.0048084051602472755,-0.10936611384889261,0.14389704491543398,-0.3701927596076615,0.14389704491543398,0.9025973256073316,False,False
_E_ HOSPITAL - LEVEL 5_554620,host,929418,Walls,-12.0,0.15942551659856716,150.0,96.0,True,0.34045938789495267,0.0,1456,198,51,31.90149962093045,8.23784414441775,3.872554403999986,-0.44204360465369064,0.10679627023961302,-0.06321343624533426,-0.043929361645567155,0.10679627023961302,0.6698819142516917,False,False
_E_ HOSPITAL - LEVEL 5_554620,host,929419,Walls,-12.0,0.15942551659856716,150.0,96.0,True,0.34045938789495267,0.0,681,28,93,4.438665375183007,15.33145916595862,0.28951356339509077,0.1255633004980723,-0.10031421092128312,-0.507480356857144,0.002594234565236775,0.1255633004980723,0.7875985173329575,False,False
_E_ HOSPITAL - LEVEL 5_554620,host,929420,Walls,-12.0,0.15942551659856716,150.0,96.0,True,0.34045938789495267,0.0,2683,362,89,58.70597682750173,14.38357450641493,4.081459500996741,-0.5030611846632951,-0.490878634157184,-0.1324899490673488,-0.062213580075109576,-0.062213580075109576,-0.3902360262175793,False,False
_E_ HOSPITAL - LEVEL 5_554620,host,929452,Walls,-12.0,0.15942551659856716,150.0,96.0,True,0.34045938789495267,0.0,635,86,27,14.844105034929981,4.326924823146584,3.430636223565169,-0.5939407407012993,-0.5395698667519468,-0.016093459158952328,-0.006342415826338765,-0.006342415826338765,-0.03978294040789558,False,False
Elevation 5 - a_630733,host,530581,Walls,4.492908749117979,0.05308975216840869,150.0,96.0,False,1.8065277539409408,0.0,180,10,18,10.406153019349166,10.0,1.0406153019349165,-4.935801110736296,-4.93945438692878,-9.025257868629481,-0.019126592339162585,-0.019126592339162585,-0.360269007820759,False,False
Elevation 5 - a_630733,host,530582,Walls,2.4606007629680966,0.05308975216840869,150.0,96.0,False,1.8065277539409408,0.0,3204,178,18,9.888754412231815,10.0,0.9888754412231815,-0.0683965891916074,-0.3703819370634598,-9.025257868629481,-0.019126592339162585,-0.019126592339162585,-0.360269007820759,False,False
Elevation 5 - a_630733,host,530583,Walls,4.7497663122040334,0.05308975216840869,150.0,96.0,False,1.8065277539409408,0.0,1,1,1,10.014718849964023,10.0,1.0014718849964024,-4.706911131199853,-5.254717966595759,-9.980873407660837,0.03396315982924136,0.03396315982924136,0.6397309921791517,False,False
Elevation 5 - a_630733,host,530586,Walls,15.681118064746478,0.05308975216840869,150.0,96.0,False,1.8065277539409408,0.0,94141,832,180,45.776107395995325,10.0,4.577610739599533,-0.6554248881038518,-0.9500087037754525,-0.42471801734726,-0.019126592339162585,-0.019126592339162585,-0.360269007820759,True,False
Elevation 5 - a_630733,host,531341,Walls,-9.349348560774814,0.05308975216840869,150.0,96.0,False,1.8065277539409408,0.0,372,2,190,16.180883489507266,10.0,1.6180883489507267,-8.291496616034436,-7.783207369136008,0.0,0.08705291199764531,0.08705291199764531,1.6397309921790626,True,True
Elevation 5 - a_630733,host,532388,Walls,26.784842596148344,0.05308975216840869,150.0,96.0,False,1.8065277539409408,0.0,1,1,1,3.3642245508216924,10.0,0.3364224550821692,-1.8855552105019164,-1.4255795881513578,0.019126592339162585,-9.966036840170759,0.019126592339162585,0.360269007820759,False,False
Elevation 5 - a_630733,host,532391,Walls,-6.571906861087136,0.05308975216840869,150.0,96.0,False,1.8065277539409408,0.0,77395,834,153,146.1387182828778,10.0,14.61387182828778,-100.91185627064948,-0.9500087037754525,-0.4586811771765156,-1.4185867410569557,-0.4586811771765156,-8.63973099217924,True,False
Elevation 5 - a_630733,host,532512,Floors,-9.823844318116018,0.05308975216840869,150.0,96.0,False,1.8065277539409408,0.0,17299,1032,19,201.87953883095608,1.0,201.87953883095608,-124.45108616753024,-22.639828425628078,-0.0061312762903042994,0.014836567490078778,0.014836567490078778,0.2794619843583928,True,False
Elevation 5 - a_630733,host,532538,Walls,-6.571906861087136,0.05308975216840869,150.0,96.0,False,1.8065277539409408,0.0,37599,804,83,146.1387182828778,10.0,14.61387182828778,-102.50454883570174,-0.9500087037754525,-0.4395545848373388,-5.153995985184736,-0.4395545848373388,-8.279461984358214,True,True
Elevation 5 - a_630733,host,533813,Roofs,-17.696973613978663,0.05308975216840869,150.0,96.0,False,1.8065277539409408,0.0,12,2,7,52.701707138627015,0.3333333333333286,158.1051214158833,-44.8125023261112,-7.783025308178992,-0.03396315982924136,0.07225809167476882,0.07225809167476882,1.3610553585851235,True,False
Elevation 5 - a_630733,host,549792,Walls,24.201717539734286,0.05308975216840869,150.0,96.0,False,1.8065277539409408,0.0,17,17,1,4.287328430808685,13.75,0.31180570405881347,-1.7485033018406781,-1.6362993421050618,-13.75,0.05308975216840395,0.05308975216840395,0.9999999999999107,True,True
Elevation 5 - a_630733,host,550964,Walls,-4.239488142793382,0.05308975216840869,150.0,96.0,False,1.8065277539409408,0.0,369,2,185,70.20423658928718,10.0,7.020423658928718,-34.53875714888048,-35.55929993606989,-0.25,0.07160415115561136,0.07160415115561136,1.3487377173747621,True,True
Elevation 5 - a_630733,host,553331,Walls,-4.2391619713906605,0.05308975216840869,150.0,96.0,False,1.8065277539409408,0.0,378,2,190,18.250171221672105,10.0,1.8250171221672105,-8.547502448207771,-9.596489269127524,-0.018514398987193204,0.10556731098485272,0.10556731098485272,1.988468709553914,True,False
Elevation 5 - a_630733,host,554691,Walls,-4.2391619713906605,0.05308975216840869,150.0,96.0,False,1.8065277539409408,0.0,189,2,95,18.250171221672105,12.0,1.5208476018060086,-8.547502448207771,-9.596489269127524,-0.052477558816434566,-6.903995985184736,-0.052477558816434566,-0.9884687095537356,True,True
Elevation 5 - a_630733,host,594546,Curtain Wall Mullions,-1.8494415800250898,0.05308975216840869,150.0,96.0,False,1.8065277539409408,0.0,17,4,5,1.4253761543777586,0.2083333333333428,6.8418055410129295,-0.7953771412436765,-0.417640004460452,0.031857558879195835,0.025257868629509517,0.031857558879195835,0.6000698360417819,True,False
Elevation 5 - a_630733,host,627114,Walls,4.598279067906824,0.05308975216840869,150.0,96.0,False,1.8065277539409408,0.0,169,1,169,9.529757292905778,9.0,1.0588619214339754,-4.719824467932661,-4.756843072804706,0.0,-0.027831883538937063,0.0,0.0,False,True
Elevation 5 - a_630733,host,627115,Walls,2.3911102195262055,0.05308975216840869,150.0,96.0,False,1.8065277539409408,0.0,31789,187,170,9.93691591435995,9.0,1.1041017682622167,-0.018148804904818405,0.009016546037294404,0.0,0.025257868629481095,0.025257868629481095,0.4757578929613258,False,True
Elevation 5 - a_630733,host,627116,Walls,4.596258062693472,0.05308975216840869,150.0,96.0,False,1.8065277539409408,0.0,168,1,168,9.92119146229087,9.0,1.1023546069212078,-4.969009583939894,-4.899092126182566,-0.05308975216840395,-0.027831883538937063,-0.027831883538937063,-0.5242421070388525,False,False
Elevation 5 - a_630733,host,627131,Walls,4.598279067906824,0.05308975216840869,150.0,96.0,False,1.8065277539409408,0.0,169,1,169,9.529757292905778,9.0,1.0588619214339754,-4.719824467932661,-4.756843072804706,-0.03396315982924136,0.0061312762903042994,0.0061312762903042994,0.11548888514029916,False,False
Elevation 5 - a_630733,host,627132,Walls,2.3911102195262055,0.05308975216840869,150.0,96.0,False,1.8065277539409408,0.0,31787,187,170,9.93691591435995,9.0,1.1041017682622167,-0.018148804904818405,0.009016546037294404,0.019126592339162585,0.0061312762903042994,0.019126592339162585,0.360269007820759,False,False
Elevation 5 - a_630733,host,627133,Walls,4.596258062693472,0.05308975216840869,150.0,96.0,False,1.8065277539409408,0.0,172,2,170,10.029923176008975,9.0,1.1144359084454416,-4.970196554620365,-4.953547117051794,0.019126592339162585,0.0061312762903042994,0.019126592339162585,0.360269007820759,False,False
Elevation 5 - a_630733,host,627927,Walls,4.598279067906824,0.05308975216840869,150.0,96.0,False,1.8065277539409408,0.0,92,1,92,9.529757292905778,9.0,1.0588619214339754,-4.719824467932661,-4.756843072804706,0.03825318467833938,-4.153995985184736,0.03825318467833938,0.7205380156417857,True,True
Elevation 5 - a_630733,host,627928,Walls,2.3911102195262055,0.05308975216840869,150.0,96.0,False,1.8065277539409408,0.0,17203,187,92,9.93691591435995,9.0,1.1041017682622167,-0.018148804904818405,0.009016546037294404,0.03825318467833938,-4.153995985184736,0.03825318467833938,0.7205380156417857,True,True
Elevation 5 - a_630733,host,627929,Walls,4.596258062693472,0.05308975216840869,150.0,96.0,False,1.8065277539409408,0.0,91,1,91,10.029923176008975,9.0,1.1144359084454416,-5.023286306788769,-4.953547117051794,-0.014836567490078778,-4.153995985184736,-0.014836567490078778,-0.2794619843583928,True,True
Elevation 5 - a_630733,host,630576,Generic Models,26.243967393128887,0.05308975216840869,150.0,96.0,False,1.8065277539409408,0.0,6571,50,468,27.957267801783228,29.000000000000142,0.9640437173028652,-12.890618854141508,-12.412161339221282,-1.4210854715202004e-13,-4.153995985184736,-1.4210854715202004e-13,-2.6767604169865087e-12,True,True
Elevation 5 - a_630733,host,636079,Walls,26.90380511987736,0.05308975216840869,150.0,96.0,False,1.8065277539409408,0.0,1,1,1,35.39218423089925,9.0,3.9324649145443606,-17.6176625879868,-17.72143189074403,-8.972168116461063,0.025257868629481095,0.025257868629481095,0.4757578929613258,False,False
Elevation 5 - a_630733,host,651428,Generic Models,-8.171505273535969,0.05308975216840869,150.0,96.0,False,1.8065277539409408,0.0,94878,844,468,146.31694271378296,43.750000000000014,3.344387262029324,-101.17415011695826,-0.335041766687759,-13.750000000000014,-5.153995985184736,-0.335041766687759,-6.310855730216183,True,True
Elevation 5 - a_630733,host,655472,Floors,-9.823844318116018,0.05308975216840869,150.0,96.0,False,1.8065277539409408,0.0,205,842,19,201.87953883095608,1.0,201.87953883095608,-124.61035542403546,-32.567612081120515,0.027831883538937063,-0.019126592339162585,0.027831883538937063,0.5242421070388525,True,False
Elevation 5 - a_630733,host,680623,Windows,25.259002484823146,0.05308975216840869,150.0,96.0,False,1.8065277539409408,0.0,2490,30,83,2.951788558337114,6.000000000000014,0.49196475972285114,-1.1100053762800997,-0.24909061700475377,-0.022887918171008437,-1.5706626518510802,-0.022887918171008437,-0.431117442372014,True,True
Elevation 5 - a_630733,host,680624,Windows,25.259002484823146,0.05308975216840869,150.0,96.0,False,1.8065277539409408,0.0,3360,30,112,2.951788558337114,6.000000000000014,0.49196475972285114,-1.1100053762800997,-0.24909061700475377,-0.04201451051018523,-0.011933246628061056,-0.011933246628061056,-0.22477495449982515,True,False
Elevation 5 - a_630733,host,680680,Windows,25.252812412286847,0.05308975216840869,150.0,96.0,False,1.8065277539409408,0.0,3818,46,83,2.951788558337114,6.000000000000014,0.49196475972285114,-0.2549319424722398,-0.25472801611806517,-0.02288791817103686,-1.5706626518510518,-0.02288791817103686,-0.43111744237254934,True,True
Elevation 5 - a_630733,host,680681,Windows,25.252812412286847,0.05308975216840869,150.0,96.0,False,1.8065277539409408,0.0,5152,46,112,2.951788558337114,6.000000000000014,0.49196475972285114,-0.2549319424722398,-0.25472801611806517,-0.042014510510213654,-0.011933246628032634,-0.011933246628032634,-0.2247749544992898,False,False
Elevation 5 - a_630733,host,680772,Windows,25.25281241228685,0.05308975216840869,150.0,96.0,False,1.8065277539409408,0.0,5152,46,112,2.951788558337114,6.0,0.4919647597228523,-0.25493194247225404,-0.25472801611805096,-0.00805135068063123,-0.045896406457586636,-0.00805135068063123,-0.151655458008,False,False
Elevation 5 - a_630733,host,680897,Windows,25.24662233975056,0.05308975216840869,150.0,96.0,False,1.8065277539409408,0.0,3818,46,83,2.951788558337107,6.000000000000014,0.49196475972285,-0.24929454335896395,-0.26036541523134105,-0.02288791817106528,-1.5706626518510234,-0.02288791817106528,-0.4311174423730847,True,True
Elevation 5 - a_630733,host,680898,Windows,25.24662233975056,0.05308975216840869,150.0,96.0,False,1.8065277539409408,0.0,5152,46,112,2.951788558337107,6.000000000000014,0.49196475972285,-0.24929454335896395,-0.26036541523134105,-0.042014510510242076,-0.011933246628004213,-0.011933246628004213,-0.22477495449875445,False,False
Elevation 5 - a_630733,host,680899,Windows,25.24662233975056,0.05308975216840869,150.0,96.0,False,1.8065277539409408,0.0,5152,46,112,2.951788558337107,6.0,0.49196475972285114,-0.24929454335899237,-0.2603654152313126,-0.008051350680659652,-0.045896406457558214,-0.008051350680659652,-0.15165545800853536,False,False
Elevation 5 - a_630733,host,680957,Windows,25.24043226721426,0.05308975216840869,150.0,96.0,False,1.8065277539409408,0.0,3818,46,83,2.951788558337121,6.000000000000014,0.49196475972285236,-0.24365714424563834,-0.266002814344688,-0.022887918171093702,-1.570662651850995,-0.022887918171093702,-0.43111744237362004,True,True
Elevation 5 - a_630733,host,680958,Windows,25.24043226721426,0.05308975216840869,150.0,96.0,False,1.8065277539409408,0.0,5152,46,112,2.951788558337121,6.000000000000014,0.49196475972285236,-0.24365714424563834,-0.266002814344688,-0.0420145105102705,-0.011933246627975791,-0.011933246627975791,-0.2247749544982191,False,False
Elevation 5 - a_630733,host,680959,Windows,25.24043226721426,0.05308975216840869,150.0,96.0,False,1.8065277539409408,0.0,5152,46,112,2.951788558337121,6.0,0.49196475972285353,-0.24365714424565255,-0.26600281434467377,-0.008051350680688074,-0.04589640645752979,-0.008051350680688074,-0.1516554580090707,False,False
Elevation 5 - a_630733,host,681013,Windows,25.234242194677968,0.05308975216840869,150.0,96.0,False,1.8065277539409408,0.0,3818,46,83,2.951788558337114,6.000000000000014,0.49196475972285114,-0.23801974513232693,-0.27164021345798517,-0.022887918171122124,-1.5706626518509665,-0.022887918171122124,-0.4311174423741554,True,True
Elevation 5 - a_630733,host,681014,Windows,25.234242194677968,0.05308975216840869,150.0,96.0,False,1.8065277539409408,0.0,5152,46,112,2.951788558337114,6.000000000000014,0.49196475972285114,-0.23801974513232693,-0.27164021345798517,-0.04201451051029892,-0.01193324662794737,-0.01193324662794737,-0.22477495449768373,False,False
Elevation 5 - a_630733,host,681015,Windows,25.234242194677968,0.05308975216840869,150.0,96.0,False,1.8065277539409408,0.0,5152,46,112,2.951788558337107,6.0,0.49196475972285114,-0.23801974513233404,-0.27164021345797096,-0.008051350680716496,-0.04589640645750137,-0.008051350680716496,-0.15165545800960606,False,False
Elevation 5 - a_630733,host,681075,Windows,25.228052122141676,0.05308975216840869,150.0,96.0,False,1.8065277539409408,0.0,3818,46,83,2.951788558337107,6.000000000000014,0.49196475972285,-0.23238234601900842,-0.27727761257129657,-0.022887918171150545,-1.5706626518509381,-0.022887918171150545,-0.43111744237469074,True,True
Elevation 5 - a_630733,host,681076,Windows,25.228052122141676,0.05308975216840869,150.0,96.0,False,1.8065277539409408,0.0,5152,46,112,2.951788558337107,6.000000000000014,0.49196475972285,-0.23238234601900842,-0.27727761257129657,-0.04201451051032734,-0.011933246627918948,-0.011933246627918948,-0.22477495449714838,False,False
Elevation 5 - a_630733,host,681077,Windows,25.228052122141676,0.05308975216840869,150.0,96.0,False,1.8065277539409408,0.0,5152,46,112,2.951788558337107,6.0,0.49196475972285114,-0.23238234601900842,-0.27727761257129657,-0.008051350680744918,-0.04589640645747295,-0.008051350680744918,-0.1516554580101414,False,False
Elevation 5 - a_630733,host,755294,Generic Models,-5.3779198634624334,0.05308975216840869,150.0,96.0,False,1.8065277539409408,0.0,13696,118,468,73.48930942530572,45.50000000000051,1.6151496576990088,-32.33460933858136,-34.890109330852134,-13.75000000000017,-6.903995985185077,-6.903995985185077,-130.0438540998376,True,True
Elevation 5 - a_630733,host,818950,Windows,44.284120646621574,0.05308975216840869,150.0,96.0,False,1.8065277539409408,0.0,1,1,1,3.1511975151678833,5.000000000000014,0.6302395030335749,-1.7020163247204199,-1.3960914382790595,-0.036578921905814354,-4.910331325925796,-0.036578921905814354,-0.6890015570195263,False,False
Elevation 5 - a_630733,host,818951,Windows,34.452423330041526,0.05308975216840869,150.0,96.0,False,1.8065277539409408,0.0,1,1,1,3.1511975151678833,5.000000000000014,0.6302395030335749,-1.6656320306637191,-1.432475732335746,-0.24893793057941593,-4.697972317252194,-0.24893793057941593,-4.689001557018901,False,False
Elevation 5 - a_630733,host,818952,Windows,34.452423330041526,0.05308975216840869,150.0,96.0,False,1.8065277539409408,0.0,1,1,1,3.1511975151678833,5.000000000000014,0.6302395030335749,-1.6656320306637191,-1.432475732335746,-0.25265750924342,-4.694252738588176,-0.25265750924342,-4.7590636407936575,True,False
Elevation 5 - a_630733,host,820770,Walls,31.60897165596804,0.05308975216840869,150.0,96.0,False,1.8065277539409408,0.0,9223,97,96,8.199145928000593,9.001671727594669,0.9108470266546236,-1.3416015158697654,-1.7078384517951761,0.0006121933519693812,-3.9056677127794046,0.0006121933519693812,0.011531290446175218,True,True
Elevation 5 - a_630733,host,821007,Walls,31.738306367546194,0.05308975216840869,150.0,96.0,False,1.8065277539409408,0.0,16621,98,171,7.617648049053663,9.0,0.8464053387837404,-1.2460745335285495,-1.168777803021058,0.034575353181210744,0.0437722676166743,0.0437722676166743,0.8244956103359096,False,False
Elevation 5 - a_630733,host,821096,Walls,31.624476954340913,0.05308975216840869,150.0,96.0,False,1.8065277539409408,0.0,2118,96,43,8.129433025669503,4.555580064951414,1.784500087752536,-1.3522540378653751,-1.6805627796368938,-2.282529829497264,0.009809107787432936,0.009809107787432936,0.1847646181567578,True,False
Elevation 5 - a_630733,host,846288,Railings,-18.488532025525366,0.05308975216840869,150.0,96.0,False,1.8065277539409408,0.0,2433,97,62,66.27710771733767,3.5,18.936316490667906,-54.70608011163196,-6.421321645370069,-0.25,0.04156463444132896,0.04156463444132896,0.7829125724580458,True,True
Elevation 5 - a_630733,host,846434,Railings,-11.043970323920718,0.05308975216840869,150.0,96.0,False,1.8065277539409408,0.0,13463,572,62,42.19327273690473,3.500000000000014,12.055220781972732,-6.451602919286632,-5.374331577288341,-0.25,0.04156463444131475,0.04156463444131475,0.7829125724577781,True,True
Elevation 9 - a_770742,host,452761,Floors,-83.12764100343588,0.053126097646645595,150.0,96.0,False,0.1031864352664229,0.0,4081,204,21,164.3555963721809,1.0,164.3555963721809,-105.24634680152207,-48.27152565074316,0.04522304179839409,0.07042500878117153,0.07042500878117153,1.3256198347107129,True,True
Elevation 9 - a_770742,host,465898,Floors,-171.45240490271334,0.053126097646645595,150.0,96.0,False,0.1031864352664229,0.0,6653,771,21,242.94630405972333,1.0,242.94630405972333,-33.4070458375996,-168.57903693656,0.04522304179839409,0.07042500878117153,0.07042500878117153,1.3256198347107129,True,True
Elevation 9 - a_770742,host,526629,Walls,-9.095536133792265,0.053126097646645595,150.0,96.0,False,0.1031864352664229,0.0,254,1,254,7.54100762193692,13.5,0.5585931571805126,-4.0254385849996694,-3.462442939290611,-0.07042500878117153,0.06445381102915348,0.06445381102915348,1.2132231404958675,True,True
Elevation 9 - a_770742,host,526658,Walls,6.3261801815851015,0.053126097646645595,150.0,96.0,False,0.1031864352664229,0.0,2333,11,233,1.6384306862550133,13.5,0.12136523601888988,-0.6689428814722262,-0.3851007306696772,-0.017298911134517425,-1.104320337197052,-0.017298911134517425,-0.3256198347105528,True,False
Elevation 9 - a_770742,host,526758,Walls,6.529463866207905,0.053126097646645595,150.0,96.0,False,0.1031864352664229,0.0,2330,10,233,1.1652920587657007,13.5,0.0863179302789408,-0.30842730850746136,-0.3256037737917836,-0.017298911134517425,-1.104320337197052,-0.017298911134517425,-0.3256198347105528,False,False
Elevation 9 - a_770742,host,526764,Walls,5.444697278725808,0.053126097646645595,150.0,96.0,False,0.1031864352664229,0.0,41555,182,233,10.122597352922256,13.5,0.7498220261423894,-0.36792426538534073,-0.08572331584741733,-0.017298911134517425,-1.104320337197052,-0.017298911134517425,-0.3256198347105528,False,False
Elevation 9 - a_770742,host,529713,Floors,-82.12618680538657,0.053126097646645595,150.0,96.0,False,0.1031864352664229,0.0,5322,242,22,152.10401640360573,1.0,152.10401640360573,-103.61313936889111,-35.63436140422637,0.10432033719705203,0.06445381102915348,0.10432033719705203,1.9636363636364105,True,False
Elevation 9 - a_770742,host,529861,Walls,-58.82716664252793,0.053126097646645595,150.0,96.0,False,0.1031864352664229,0.0,3090,12,260,69.13596406265927,13.75,5.028070113647947,-34.25973167834205,-34.238719212557484,-0.011327713382513593,0.07411310151036332,0.07411310151036332,1.3950413223140785,True,False
Elevation 9 - a_770742,host,530587,Walls,-59.03549997586127,0.053126097646645595,150.0,96.0,False,0.1031864352664229,0.0,2238,12,189,69.22836573748782,10.0,6.922836573748782,-34.30594430146271,-34.28490826426538,-0.02098700386372343,0.061819459079728745,0.061819459079728745,1.1636363636362825,True,False
Elevation 9 - a_770742,host,532392,Walls,-59.03549997586127,0.053126097646645595,150.0,96.0,False,0.1031864352664229,0.0,2039,12,171,69.22836573748782,10.0,6.922836573748782,-34.3059443014627,-34.28490826426538,-0.008693361433088853,-0.9067439409905091,-0.008693361433088853,-0.16363636363638984,True,False
Elevation 9 - a_770742,host,532512,Floors,-82.14085663980302,0.053126097646645595,150.0,96.0,False,0.1031864352664229,0.0,5311,243,22,152.15021724101996,1.0,152.15021724101996,-103.55804412149048,-35.68253139139459,0.06612223393045724,0.10265191429574827,0.10265191429574827,1.9322314049586466,True,True
Elevation 9 - a_770742,host,532539,Walls,-59.03549997586127,0.053126097646645595,150.0,96.0,False,0.1031864352664229,0.0,2027,12,170,69.22836573748782,10.0,6.922836573748782,-34.3059443014627,-34.28490826426538,-0.04952581664909417,-0.9190375834211579,-0.04952581664909417,-0.9322314049584866,True,False
Elevation 9 - a_770742,host,533614,Floors,-82.14085663980303,0.053126097646645595,150.0,96.0,False,0.1031864352664229,0.0,5311,243,22,152.15021724101996,1.0,152.15021724101996,-103.55804412149048,-35.68253139139462,0.07841587636107761,0.09035827186511369,0.09035827186511369,1.7008264462808507,True,True
Elevation 9 - a_770742,host,540620,Walls,-1.0156712136657156,0.053126097646645595,150.0,96.0,False,0.1031864352664229,0.0,508,2,255,4.558541163434114,13.5,0.3376697158099344,-1.910842159780202,-2.541446808360618,-0.017298911134517425,0.06445381102915348,0.06445381102915348,1.2132231404958675,True,True
Elevation 9 - a_770742,host,541919,Roofs,-171.45240490271334,0.053126097646645595,150.0,96.0,False,0.1031864352664229,0.0,18,2,12,223.93271364006205,11.000000000000398,20.357519421823085,-55.24742450820878,-168.57903693656,-0.8082191780822257,-9.554267650158437,-0.8082191780822257,-15.213223140496504,True,True
Elevation 9 - a_770742,host,655472,Floors,-82.14085663980303,0.053126097646645595,150.0,96.0,False,0.1031864352664229,0.0,4869,240,21,152.15021724101996,1.0,152.15021724101996,-103.55804412149048,-35.84190968433455,0.053828591499836875,0.061819459079728745,0.061819459079728745,1.1636363636362825,True,True
Elevation 9 - a_770742,host,655531,Floors,-82.1460649731365,0.053126097646645595,150.0,96.0,False,0.1031864352664229,0.0,5100,240,22,152.15021724101996,1.0,152.15021724101996,-103.55804412149048,-35.841909684334524,0.09466104671584219,0.07411310151036332,0.09466104671584219,1.7818181818181997,True,True
Elevation 9 - a_770742,host,716054,Generic Models,-59.54623816810857,0.053126097646645595,150.0,96.0,False,0.1031864352664229,0.0,17307,23,825,70.51499328599529,43.75000000000007,1.6117712751084612,-34.49889847811956,-34.79419456200287,0.041798384264069455,0.0372321742184738,0.041798384264069455,0.7867768595028478,True,False
Elevation 9 - a_770742,host,767397,Walls,-8.736964165868704,0.053126097646645595,150.0,96.0,False,0.1031864352664229,0.0,230,1,230,6.940542278809055,12.25,0.56657487990278,-3.523123677749176,-3.3642925034132247,-0.017298911134517425,-0.013698630136985912,-0.013698630136985912,-0.25785123966941415,True,False
Elevation 9 - a_770742,host,776159,Curtain Panels,6.94459615552779,0.053126097646645595,150.0,96.0,False,0.1031864352664229,0.0,8625,69,125,3.787265250478157,6.666666666666657,0.5680897875717243,-0.0706229376366565,-0.050941575222950064,-0.019406392694051533,-0.006498068141908675,-0.006498068141908675,-0.1223140495868694,False,False
Elevation 9 - a_770742,host,776160,Doors,3.991010291322631,0.053126097646645595,150.0,96.0,False,0.1031864352664229,0.0,1426,64,134,5.249769184087555,7.166666666666984,0.7325259326633473,-0.7688640831178475,-1.0808348515843846,-0.07042500878128521,0.022655426764814024,0.022655426764814024,0.42644628098793735,False,False
Elevation 9 - a_770742,host,776162,Doors,3.635853269679675,0.053126097646645595,150.0,96.0,False,0.1031864352664229,0.0,15689,107,148,7.0375742294522325,7.83942028985507,0.8977161536497157,-0.6965721297147383,-0.6565096515464148,0.02974022999038084,-0.006498068141908675,0.02974022999038084,0.5598045274883586,False,False
Elevation 9 - a_770742,host,776164,Curtain Panels,6.9811622515738705,0.053126097646645595,150.0,96.0,False,0.1031864352664229,0.0,8625,69,125,3.7872652504781854,6.666666666666657,0.5680897875717286,-0.0698292678893182,-0.051735244970330996,-0.019406392694051533,-0.006498068141908675,-0.006498068141908675,-0.1223140495868694,False,False
Elevation 9 - a_770742,host,776166,Curtain Panels,6.944226577571698,0.053126097646645595,150.0,96.0,False,0.1031864352664229,0.0,8875,71,125,3.8705976948897245,6.666666666666657,0.5805896542334595,-0.032203178498804164,-0.06644158347907592,-0.019406392694051533,-0.006498068141908675,-0.006498068141908675,-0.1223140495868694,False,False
Elevation 9 - a_770742,host,776167,Curtain Wall Mullions,6.902929933322024,0.053126097646645595,150.0,96.0,False,0.1031864352664229,0.0,212,71,3,3.9178336323320906,0.1666666666666714,23.507001793991876,-0.08326216375969864,-0.06261853566054754,0.006498068141908675,-0.013786441868631982,0.006498068141908675,0.1223140495868694,False,False
Elevation 9 - a_770742,host,776168,Curtain Wall Mullions,6.9025603553659245,0.053126097646645595,150.0,96.0,False,0.1031864352664229,0.0,219,73,3,4.001166076743672,0.1666666666666714,24.00699646046135,-0.0448424046218463,-0.0781185439166876,0.006498068141908675,-0.013786441868631982,0.006498068141908675,0.1223140495868694,False,False
Elevation 9 - a_770742,host,776169,Curtain Wall Mullions,6.9394960293681045,0.053126097646645595,150.0,96.0,False,0.1031864352664229,0.0,211,71,3,3.917833632332105,0.1666666666666714,23.50700179399196,-0.08246849401236034,-0.06341220540791426,0.006498068141908675,-0.013786441868631982,0.006498068141908675,0.1223140495868694,False,False
Elevation 9 - a_770742,host,776170,Curtain Wall Mullions,6.9025603553659245,0.053126097646645595,150.0,96.0,False,0.1031864352664229,0.0,216,72,3,4.001166076743672,0.1666666666666714,24.00699646046135,-0.09796850226848619,-0.0781185439166876,-0.02669476642078905,0.019406392694051533,0.019406392694051533,0.3652892561981138,False,False
Elevation 9 - a_770742,host,776171,Curtain Wall Mullions,6.9394960293681045,0.053126097646645595,150.0,96.0,False,0.1031864352664229,0.0,213,71,3,3.917833632332105,0.1666666666666714,23.50700179399196,-0.08246849401236034,-0.06341220540791426,-0.02669476642078905,0.019406392694051533,0.019406392694051533,0.3652892561981138,False,False
Elevation 9 - a_770742,host,776172,Curtain Wall Mullions,6.902929933322024,0.053126097646645595,150.0,96.0,False,0.1031864352664229,0.0,213,71,3,3.9178336323320906,0.1666666666666714,23.507001793991876,-0.08326216375969864,-0.06261853566054754,-0.02669476642078905,0.019406392694051533,0.019406392694051533,0.3652892561981138,False,False
Elevation 9 - a_770742,host,776173,Curtain Wall Mullions,7.692868302788565,0.053126097646645595,150.0,96.0,False,0.1031864352664229,0.0,452,3,151,0.33453852263532724,8.0,0.041817315329415905,-0.06656904552856702,-0.10859118416681213,0.035827186512122466,-0.013786441868631982,0.035827186512122466,0.6743801652893399,False,False
Elevation 9 - a_770742,host,776174,Curtain Wall Mullions,7.714038147867875,0.053126097646645595,150.0,96.0,False,0.1031864352664229,0.0,516,4,131,0.33453852263535566,7.0,0.04779121751933652,-0.05212900050503322,-0.06990513154374867,-0.02669476642078905,-0.013786441868631982,-0.013786441868631982,-0.2595041322313736,False,False
Elevation 9 - a_770742,host,776175,Curtain Wall Mullions,7.732513649027997,0.053126097646645595,150.0,96.0,False,0.1031864352664229,0.0,643,5,131,0.33453852263535566,7.0,0.04779121751933652,-0.036628992248893155,-0.03227904215323463,-0.02669476642078905,-0.013786441868631982,-0.013786441868631982,-0.2595041322313736,False,False
Elevation 9 - a_770742,host,776176,Walls,-1.5578889906089763,0.053126097646645595,150.0,96.0,False,0.1031864352664229,0.0,51124,775,171,41.74105757960959,9.0,4.637895286623287,-0.06831786394171502,-0.5000140395175379,0.035827186512122466,0.048735511064279535,0.048735511064279535,0.9173553719008517,True,False
Elevation 9 - a_770742,host,776178,Curtain Panels,7.002332096653181,0.053126097646645595,150.0,96.0,False,0.1031864352664229,0.0,7500,60,125,3.787265250478171,6.666666666666657,0.5680897875717265,-0.5335241016852308,-0.06617528999420585,-0.019406392694051533,-0.006498068141908675,-0.006498068141908675,-0.1223140495868694,False,False
Elevation 9 - a_770742,host,776180,Curtain Wall Mullions,7.750604243913955,0.053126097646645595,150.0,96.0,False,0.1031864352664229,0.0,389,3,131,0.33453852263534145,7.0,0.047791217519334496,-0.0513353307576665,-0.12382489893772686,-0.02669476642078905,-0.013786441868631982,-0.013786441868631982,-0.2595041322313736,False,False
Elevation 9 - a_770742,host,776181,Curtain Wall Mullions,7.695947552981913,0.053126097646645595,150.0,96.0,False,0.1031864352664229,0.0,518,4,131,0.33453852263534145,7.0,0.047791217519334496,-0.09054875964288556,-0.03148537240588212,-0.02669476642078905,-0.013786441868631982,-0.013786441868631982,-0.2595041322313736,False,False
Elevation 9 - a_770742,host,776183,Curtain Wall Mullions,7.7898646838792125,0.053126097646645595,150.0,96.0,False,0.1031864352664229,0.0,391,3,131,0.33453852263534145,7.0,0.047791217519334496,-0.051601624242636035,-0.12355860545277153,-0.02669476642078905,-0.013786441868631982,-0.013786441868631982,-0.2595041322313736,False,False
Elevation 9 - a_770742,host,776184,Curtain Wall Mullions,6.9606658744474075,0.053126097646645595,150.0,96.0,False,0.1031864352664229,0.0,181,61,3,3.917833632332119,0.1666666666666714,23.507001793992046,-0.5992894254549697,-0.0778522504317607,-0.02669476642078905,0.019406392694051533,0.019406392694051533,0.3652892561981138,False,False
Elevation 9 - a_770742,host,776185,Curtain Wall Mullions,6.978756469333373,0.053126097646645595,150.0,96.0,False,0.1031864352664229,0.0,208,70,3,3.917833632332105,0.1666666666666714,23.50700179399196,-0.13586088514395556,-0.06314591192295893,0.006498068141908675,-0.013786441868631982,0.006498068141908675,0.1223140495868694,False,False
Elevation 9 - a_770742,host,776187,Curtain Panels,7.020422691539139,0.053126097646645595,150.0,96.0,False,0.1031864352664229,0.0,8625,69,125,3.787265250478157,6.666666666666657,0.5680897875717243,-0.07009556137420248,-0.05146895148540409,-0.019406392694051533,-0.006498068141908675,-0.006498068141908675,-0.1223140495868694,False,False
Elevation 9 - a_770742,host,776188,Curtain Wall Mullions,6.978756469333369,0.053126097646645595,150.0,96.0,False,0.1031864352664229,0.0,208,70,3,3.917833632332133,0.1666666666666714,23.50700179399213,-0.13586088514384187,-0.06314591192310104,-0.02669476642078905,0.019406392694051533,0.019406392694051533,0.3652892561981138,False,False
Elevation 9 - a_770742,host,776189,Curtain Wall Mullions,6.960665874447418,0.053126097646645595,150.0,96.0,False,0.1031864352664229,0.0,181,61,3,3.917833632332105,0.1666666666666714,23.50700179399196,-0.5992894254548702,-0.07785225043184596,0.006498068141908675,-0.013786441868631982,0.006498068141908675,0.1223140495868694,False,False
Elevation 9 - a_770742,host,776190,Curtain Wall Mullions,7.771774088993272,0.053126097646645595,150.0,96.0,False,0.1031864352664229,0.0,653,5,131,0.33453852263534145,7.0,0.047791217519334496,-0.036895285733720584,-0.03201274866839299,-0.02669476642078905,-0.013786441868631982,-0.013786441868631982,-0.2595041322313736,False,False
Elevation 9 - a_770742,host,776192,Curtain Wall Mullions,6.448323268569606,0.053126097646645595,150.0,96.0,False,0.1031864352664229,0.0,321,107,3,5.8344798537978875,0.1666666666666714,35.00687912278633,-0.04868281732315438,-0.10130458828366784,0.006498068141908675,-0.013786441868631982,0.006498068141908675,0.1223140495868694,False,False
Elevation 9 - a_770742,host,776193,Curtain Wall Mullions,7.665924863596711,0.053126097646645595,150.0,96.0,False,0.1031864352664229,0.0,450,3,151,0.33453852263534145,8.0,0.04181731532941768,-0.10909551085296698,-0.06606471884244058,0.035827186512122466,-0.013786441868631982,0.035827186512122466,0.6743801652893399,False,False
Elevation 9 - a_770742,host,776885,Columns,7.114529421328076,0.053126097646645595,150.0,96.0,False,0.1031864352664229,0.0,151,1,151,0.7242920601041192,9.0,0.08047689556712435,-0.0732117034127242,-0.5979542590447551,0.035827186512122466,-1.013786441868632,0.035827186512122466,0.6743801652893399,False,False
Elevation 9 - a_770742,host,776886,Columns,7.0568097557846805,0.053126097646645595,150.0,96.0,False,0.1031864352664229,0.0,1511,10,171,0.7242920601041476,9.0,0.0804768955671275,-0.08492174471065539,-0.10810933892703645,0.035827186512122466,0.048735511064279535,0.048735511064279535,0.9173553719008517,False,False
Elevation 9 - a_770742,host,776887,Columns,7.153806136875339,0.053126097646645595,150.0,96.0,False,0.1031864352664229,0.0,1639,11,149,0.7242920601041192,9.0,0.08047689556712435,-0.06995432342429808,-0.06995066256672544,-0.07042500878117153,-1.013786441868632,-0.06995066256672544,-1.3166911492725113,False,False
Elevation 9 - a_770742,host,777773,Structural Framing,6.057837075323306,0.053126097646645595,150.0,96.0,False,0.1031864352664229,0.0,218,11,20,6.048652923583731,1.0,6.048652923583731,-2.7485195059062875,-2.715746343564348,0.013786441868631982,0.048735511064279535,0.048735511064279535,0.9173553719008517,False,False
Elevation 9 - a_770742,host,777816,Roofs,-1.4412876760394937,0.053126097646645595,150.0,96.0,False,0.1031864352664229,0.0,4482,769,6,45.19016971200175,0.3333333333333286,135.57050913600716,-2.164253795722857,-2.171946826008437,-0.048735511064279535,0.03415876361081871,0.03415876361081871,0.6429752066115759,True,False
Elevation 9 - a_770742,host,778983,Structural Framing,6.128656711338987,0.053126097646645595,150.0,96.0,False,0.1031864352664229,0.0,19,1,19,6.048652923583731,1.0,6.048652923583731,-2.7368837055805812,-3.25864312035651,0.013786441868631982,-0.004390586582374567,0.013786441868631982,0.2595041322313736,False,False
Elevation 9 - a_770742,host,778993,Structural Framing,6.17684761252935,0.053126097646645595,150.0,96.0,False,0.1031864352664229,0.0,218,11,20,6.048652923583745,1.0,6.048652923583745,-2.733676844622721,-2.7305890048479284,0.013786441868631982,0.048735511064279535,0.048735511064279535,0.9173553719008517,False,False
Elevation 9 - a_770742,host,848309,Walls,7.120776859444149,0.053126097646645595,150.0,96.0,False,0.1031864352664229,0.0,7150,55,130,3.3071319549770806,7.041666666666686,0.4696518752630161,-0.18355886265983656,-0.20163772175173733,-0.07042500878117153,-0.06484896382158922,-0.06484896382158922,-1.22066115702522,False,False
Elevation 9 - a_770742,host,864878,Floors,-272.4625511764806,0.053126097646645595,150.0,96.0,False,0.1031864352664229,0.0,9260,423,22,310.16320285849446,1.0,310.16320285849446,-56.56947746806287,-231.1213860859005,0.09834913944503398,0.07042500878117153,0.09834913944503398,1.8512396694215651,True,True
Elevation 9 - a_770742,host,896039,Walls,-80.3163419489593,0.053126097646645595,150.0,96.0,False,0.1031864352664229,0.0,6573,22,303,48.036881933364796,16.0,3.0023051208352998,-23.538795777385317,-23.329312007753273,0.035827186512122466,0.06138040042148418,0.06138040042148418,1.155371900826218,True,False
Elevation 9 - a_770742,host,896042,Floors,-272.46255117647974,0.053126097646645595,150.0,96.0,False,0.1031864352664229,0.0,8470,420,21,310.1632028584904,1.0,310.1632028584904,-56.72885576100218,-231.1213860858971,0.05426765015806723,0.06138040042148418,0.06138040042148418,1.155371900826218,True,True
Elevation 9 - a_770742,host,896070,Walls,-80.31634194895929,0.053126097646645595,150.0,96.0,False,0.1031864352664229,0.0,6594,22,304,48.036881933364796,16.0,3.0023051208352998,-23.538795777385317,-23.329312007753273,0.0448717948717956,0.10546188970846515,0.10546188970846515,1.9851239669421505,True,False
Elevation 9 - a_770742,host,896087,Floors,-272.462551176479,0.053126097646645595,150.0,96.0,False,0.1031864352664229,0.0,8871,420,22,310.16320285848684,1.0,310.16320285848684,-56.72885576100187,-231.12138608589385,0.06331225851774036,0.10546188970846515,0.10546188970846515,1.9851239669421505,True,True
Elevation 9 - a_770742,host,896115,Walls,-80.31634194895929,0.053126097646645595,150.0,96.0,False,0.1031864352664229,0.0,6573,22,303,48.036881933364796,16.0,3.0023051208352998,-23.53879577738529,-23.329312007753302,0.0007903055848288432,0.09641728134879202,0.09641728134879202,1.814876033057923,True,False
Elevation 9 - a_770742,host,917540,Floors,-272.46255117647934,0.053126097646645595,150.0,96.0,False,0.1031864352664229,0.0,8871,420,22,310.1632028584884,1.0,310.1632028584884,-56.72885576100184,-231.12138608589538,0.0723568668774135,0.09641728134879202,0.09641728134879202,1.814876033057923,True,True
SEA LEVEL_146925,host,495747,Floors,-48.5,0.10938502372205502,150.0,96.0,True,0.35638990485313116,0.0,1592711,1352,1998,147.83376233309468,218.48352216243848,0.6766357520691332,0.023327612048035462,0.03146212707571294,0.07614289525429285,-0.00838766102684474,0.07614289525429285,0.696099819366226,False,False
SEA LEVEL_146925,host,513126,Floors,-48.5,0.10938502372205502,150.0,96.0,True,0.35638990485313116,0.0,61455,258,560,28.12532336108177,61.14751180013013,0.4599585908419893,0.057029041011560366,0.0389837181967323,0.011320163142443107,0.09678132107825377,0.09678132107825377,0.8847767069482291,False,True
SEA LEVEL_146925,host,513211,Floors,-48.5,0.10938502372205502,150.0,96.0,True,0.35638990485313116,0.0,61488,561,261,61.21865454657467,28.407223545386387,2.1550382932976633,0.06523519776942521,0.08110856372871922,0.0779059089724683,0.06436173709749937,0.08110856372871922,0.7414960564877174,False,False
Section 1_864834,host,450562,Floors,-75.89106288273804,0.05333305350232312,150.0,96.0,False,0.0,91.747868463543,57887,2854,21,212.13758569730365,1.0,212.13758569730365,-28.784684328986003,-31.140366672687467,0.05994459345997427,0.06004953008880776,0.06004953008880776,1.1259345967541887,False,False
Section 1_864834,host,465898,Floors,-127.97805850113093,0.05333305350232312,150.0,96.0,False,0.0,91.747868463543,26628,3335,21,236.47743555443088,1.0,236.47743555443088,-37.79229236491352,-20.819409759269746,0.05994459345997427,0.06004953008880776,0.06004953008880776,1.1259345967541887,False,False
Section 1_864834,host,493270,Floors,31.11534625683084,0.05333305350232312,150.0,96.0,False,0.0,91.747868463543,11923,1472,20,100.66262533770887,1.0,100.66262533770887,-9.281585120383141,-12.874785461906072,0.03994907075613696,0.026711999290327526,0.03994907075613696,0.7490490068114483,False,False
Section 1_864834,host,493854,Floors,-6.9147340300426805,0.05333305350232312,150.0,96.0,False,0.0,91.747868463543,4366,220,20,70.72026220216529,1.0,70.72026220216529,-12.406837342506805,-46.58015308914736,0.013293037667857277,0.05336803237860721,0.05336803237860721,1.0006558573714999,True,False
Section 1_864834,host,494700,Floors,-18.315703055843287,0.05333305350232312,150.0,96.0,False,0.0,91.747868463543,8458,396,22,48.810574837603696,1.0,48.810574837603696,-6.852873721395696,-20.837811929288023,0.06660510384441665,0.10672207320669713,0.10672207320669713,2.0010493717943314,True,True
Section 1_864834,host,505414,Walls,12.221284852511438,0.05333305350232312,150.0,96.0,False,0.0,91.747868463543,403,6,68,50.332561197786504,15.0,3.3555040798524334,-0.05774250833570704,-49.954820368436856,-11.41330842837343,0.03995606653140271,0.03995606653140271,0.7491801782859157,True,False
Section 1_864834,host,505416,Walls,-6.875661353021719,0.05333305350232312,150.0,96.0,False,0.0,91.747868463543,65287,534,282,50.163130570518206,15.0,3.344208704701214,-0.03876367685052173,-21.644516323427126,-3.497887628256535e-05,0.03995606653140271,0.03995606653140271,0.7491801782859157,True,True
Section 1_864834,host,505417,Walls,2.364851843580773,0.05333305350232312,150.0,96.0,False,0.0,91.747868463543,34393,244,282,20.701802646149105,15.0,1.3801201764099402,-3.655773511986439,-4.032764079595836,-3.497887628256535e-05,0.03995606653140271,0.03995606653140271,0.7491801782859157,False,False
Section 1_864834,host,505419,Walls,-11.821174547286219,0.05333305350232312,150.0,96.0,False,0.0,91.747868463543,70365,253,283,41.89240080785112,15.0,2.792826720523408,-5.4573636152219365,-22.941774656541497,-5.596620204784131e-05,0.09331010735949263,0.09331010735949263,1.749573692708747,True,False
Section 1_864834,host,505421,Walls,-18.09827956947411,0.05333305350232312,150.0,96.0,False,0.0,91.747868463543,40397,144,283,41.66927502645592,15.0,2.777951668430395,-14.51912241981546,-19.470192902305882,-5.596620204784131e-05,0.09331010735949263,0.09331010735949263,1.749573692708747,True,True
Section 1_864834,host,518883,Walls,165.52739552749014,0.05333305350232312,150.0,96.0,False,0.0,91.747868463543,94635,487,225,120.64856443914948,30.0,4.021618814638316,-46.17803797290276,-48.49732941061535,-5.793447224554491,-12.206615737422808,-5.793447224554491,-108.62770541165688,True,True
Section 1_864834,host,536100,Walls,21.131130168885655,0.05333305350232312,150.0,96.0,False,0.0,91.747868463543,3240,9,360,5.080710823958299,19.16666666666667,0.265080564728259,-2.2664964129327814,-2.3342169295046062,-0.006716476586486664,0.03994907075613696,0.03994907075613696,0.7490490068114483,False,False
Section 1_864834,host,536106,Walls,30.493713779978812,0.05333305350232312,150.0,96.0,False,0.0,91.747868463543,24839,69,360,4.161434842879061,19.16666666666667,0.21711833962847268,-0.07906931890835267,-0.40238483231041755,-0.006716476586486664,0.03994907075613696,0.03994907075613696,0.7490490068114483,False,False
Section 1_864834,host,536142,Walls,78.58358400902316,0.05333305350232312,150.0,96.0,False,0.0,91.747868463543,12951,38,359,52.44685790217872,19.16666666666667,2.7363578035919325,-49.80160974017707,-0.6185921289133489,-0.06004953008880776,0.03994907075613696,0.03994907075613696,0.7490490068114483,False,False
Section 1_864834,host,536148,Walls,83.81634801571057,0.05333305350232312,150.0,96.0,False,0.0,91.747868463543,3499,10,359,3.2368955147627503,19.16666666666667,0.1688815051180565,-1.357757701451817,-1.3458072782877082,-0.06004953008880776,0.03994907075613696,0.03994907075613696,0.7490490068114483,False,False
Section 1_864834,host,536154,Walls,79.66950382721586,0.05333305350232312,150.0,96.0,False,0.0,91.747868463543,126701,363,359,19.780192711114708,19.16666666666667,1.0320100544929411,-0.32728465266811213,-0.09300963710330734,-0.06004953008880776,0.03994907075613696,0.03994907075613696,0.7490490068114483,False,False
Section 1_864834,host,536166,Walls,71.88663165035918,0.05333305350232312,150.0,96.0,False,0.0,91.747868463543,521952,1494,359,80.69623815277572,19.16666666666667,4.210238512318732,-0.37632602756585243,-0.6403301927391425,-0.06004953008880776,0.03994907075613696,0.03994907075613696,0.7490490068114483,False,False
Section 1_864834,host,536172,Walls,-53.63708370802969,0.05333305350232312,150.0,96.0,False,0.0,91.747868463543,4319,12,361,62.84594739995744,19.16666666666667,3.2789189947803874,-31.119969912537783,-31.085980845391774,-0.006716476586486664,0.09328212425845983,0.09328212425845983,1.7490490068114435,False,False
Section 1_864834,host,536180,Walls,-53.4177887600741,0.05333305350232312,150.0,96.0,False,0.0,91.747868463543,4676,13,361,33.15874479319237,19.16666666666667,1.7300214674709058,-16.23569281710587,-16.229722280556302,-0.006716476586486664,0.09328212425845983,0.09328212425845983,1.7490490068114435,False,False
Section 1_864834,host,536184,Walls,18.437968286765887,0.05333305350232312,150.0,96.0,False,0.0,91.747868463543,83519,232,360,12.905193021670271,19.16666666666667,0.6733144185219271,-0.09059613371240971,-0.4413284754188851,-0.006716476586486664,0.03994907075613696,0.03994907075613696,0.7490490068114483,False,False
Section 1_864834,host,536188,Walls,21.339277356137146,0.05333305350232312,150.0,96.0,False,0.0,91.747868463543,1,1,1,9.982515818413248,19.16666666666667,0.5208269122650389,-4.726280402233812,-5.202902362677094,-19.153282683920487,0.03994907075613696,0.03994907075613696,0.7490490068114483,False,False
Section 1_864834,host,536192,Walls,40.220150614550576,0.05333305350232312,150.0,96.0,False,0.0,91.747868463543,72360,201,360,11.728109741506103,19.16666666666667,0.6119013778177096,-0.6375396857883118,-0.3706263017508604,-0.006716476586486664,0.03994907075613696,0.03994907075613696,0.7490490068114483,False,False
Section 1_864834,host,536196,Walls,41.58414313828139,0.05333305350232312,150.0,96.0,False,0.0,91.747868463543,3601,10,361,1.0578398140444563,19.16666666666667,0.05519164247188466,-0.2740897182638662,-0.25041956075736493,0.04661657691583798,0.03994907075613696,0.04661657691583798,0.8740654032458018,False,False
Section 1_864834,host,536202,Walls,41.43203112063101,0.05333305350232312,150.0,96.0,False,0.0,91.747868463543,2883,8,361,1.4156102073377497,19.16666666666667,0.07385792386109996,-0.6251513825444874,-0.3637943967746651,0.04661657691583798,0.03994907075613696,0.04661657691583798,0.8740654032458018,False,False
Section 1_864834,host,536208,Walls,38.76269124236064,0.05333305350232312,150.0,96.0,False,0.0,91.747868463543,3600,10,360,1.837146792776025,19.16666666666667,0.09585113701440127,-0.6510859056195386,-0.6527303521332612,-0.006716476586486664,0.03994907075613696,0.03994907075613696,0.7490490068114483,False,False
Section 1_864834,host,536214,Walls,36.47868900100164,0.05333305350232312,150.0,96.0,False,0.0,91.747868463543,68760,191,360,11.201931143519943,19.16666666666667,0.5844485814010404,-0.6385972270251159,-0.3767206975511215,-0.006716476586486664,0.03994907075613696,0.03994907075613696,0.7490490068114483,False,False
Section 1_864834,host,536220,Walls,16.859970758148144,0.05333305350232312,150.0,96.0,False,0.0,91.747868463543,3610,10,361,10.143606386509504,19.16666666666667,0.5292316375570174,-4.814894349002117,-4.795381502484133,0.04661657691583798,0.03994907075613696,0.04661657691583798,0.8740654032458018,False,False
Section 1_864834,host,536226,Walls,14.921893264009245,0.05333305350232312,150.0,96.0,False,0.0,91.747868463543,60286,167,361,9.613983247134087,19.16666666666667,0.5015991259374305,-0.3383540632461006,-0.36900924900004384,0.04661657691583798,0.03994907075613696,0.04661657691583798,0.8740654032458018,False,False
Section 1_864834,host,536232,Walls,16.857146503964486,0.05333305350232312,150.0,96.0,False,0.0,91.747868463543,3250,10,361,0.8265403695882583,19.16666666666667,0.04312384536982216,-0.16281754052803876,-0.13039229403699437,0.04661657691583798,0.03994907075613696,0.04661657691583798,0.8740654032458018,False,False
Section 1_864834,host,536252,Walls,19.011823885143745,0.05333305350232312,150.0,96.0,False,0.0,91.747868463543,3600,10,360,10.443814747740646,19.16666666666667,0.5448946824908162,-0.33416688693736774,-9.576317325780025,-0.006716476586486664,0.03994907075613696,0.03994907075613696,0.7490490068114483,False,False
Section 1_864834,host,536269,Roofs,-75.1733693105411,0.05333305350232312,150.0,96.0,False,0.0,91.747868463543,17129,2831,9,210.7021985529098,0.3333333333333286,632.1065956587385,-28.653654345314607,-31.06266974251845,0.08004505279264862,0.06661909539493038,0.08004505279264862,1.500852614582849,False,False
Section 1_864834,host,537320,Walls,80.98768252605686,0.05333305350232312,150.0,96.0,False,0.0,91.747868463543,1590,6,271,49.85868089388407,15.0,3.3239120595922715,-0.0415966817924982,-49.49708589107763,0.013286041892605738,-0.5600285427630425,0.013286041892605738,0.2491145925486343,False,False
Section 1_864834,host,537376,Walls,40.195879386733374,0.05333305350232312,150.0,96.0,False,0.0,91.747868463543,155295,586,271,51.43723202538405,15.0,3.42914880169227,-9.426743328573735,-10.757319344448973,0.013286041892605738,-0.5600285427630425,0.013286041892605738,0.2491145925486343,False,False
Section 1_864834,host,537382,Walls,31.32905467710996,0.05333305350232312,150.0,96.0,False,0.0,91.747868463543,9456,578,282,49.439101732604,15.0,3.295940115506933,-15.187589365585723,-3.4250074426755077,0.013286041892605738,0.026635045762512632,0.026635045762512632,0.49940972836577685,False,False
Section 1_864834,host,537387,Roofs,31.11534625683084,0.05333305350232312,150.0,96.0,False,0.0,91.747868463543,1191,192,7,100.66262533770885,0.3333333333333286,301.9878760131308,-56.96133495146,-33.461344113802795,0.026698007739810237,0.013300033443123027,0.026698007739810237,0.5005902716342184,False,False
Section 1_864834,host,537465,Roofs,-6.9133454469666376,0.05333305350232312,150.0,96.0,False,0.0,91.747868463543,4880,783,7,70.716242300186,0.3333333333333286,212.148726900561,-3.553540902411072,-25.40292050545594,0.013376986970920157,0.02662105421201133,0.02662105421201133,0.4991473854174082,True,True
Section 1_864834,host,537481,Roofs,-18.3157030558433,0.05333305350232312,150.0,96.0,False,0.0,91.747868463543,3181,397,9,48.836869815541064,0.3333333333333286,146.51060944662527,-6.814991760085462,-20.84865581503334,0.06668905314747775,0.07997509504010125,0.07997509504010125,1.4995408998402395,True,True
Section 1_864834,host,537570,Floors,-28.514676919855674,0.05333305350232312,150.0,96.0,False,0.0,91.747868463543,7352,358,22,51.07821922866276,1.0,51.07821922866276,-8.681249899673162,-23.30373617515795,0.06660510384441665,0.10672207320669713,0.10672207320669713,2.0010493717943314,False,False
Section 1_864834,host,537576,Walls,-27.17249986718422,0.05333305350232312,150.0,96.0,False,0.0,91.747868463543,51282,203,284,44.59715277926756,15.0,2.9731435186178374,-7.521384781783922,-26.24915813651205,0.05327708730027325,0.09331010735949263,0.09331010735949263,1.749573692708747,False,False
Section 1_864834,host,537578,Walls,-22.740996135689954,0.05333305350232312,150.0,96.0,False,0.0,91.747868463543,49249,177,283,44.28489323038892,15.0,2.9523262153592613,-11.758630071688941,-23.08631268878878,-5.596620204784131e-05,0.09331010735949263,0.09331010735949263,1.749573692708747,False,False
Section 1_864834,host,537581,Roofs,-28.53012801204773,0.05333305350232312,150.0,96.0,False,0.0,91.747868463543,2669,380,9,51.12911769900191,0.3333333333333286,153.38735309700792,-7.558821192961119,-23.303736175158008,0.06668905314747775,0.07997509504010125,0.07997509504010125,1.4995408998402395,False,False
Section 1_864834,host,540426,Walls,74.30069185316187,0.05333305350232312,150.0,96.0,False,0.0,91.747868463543,160143,508,449,28.957586532349687,24.166666666666742,1.1982449599592937,-1.6013236098937114,-0.2630717432758374,-0.06004953008880776,-0.16007611403485278,-0.06004953008880776,-1.1259345967541887,False,False
Section 1_864834,host,540438,Walls,-53.71160146430986,0.05333305350232312,150.0,96.0,False,0.0,91.747868463543,2276,12,254,58.98990851743511,13.5,4.369622853143341,-29.18660172212971,-29.16331015327752,-0.06004953008880776,0.10664511967888046,0.10664511967888046,1.9996064855771878,False,False
Section 1_864834,host,540444,Walls,66.67264204555362,0.05333305350232312,150.0,96.0,False,0.0,91.747868463543,2529,10,253,6.602687043525709,13.5,0.4890879291500525,-3.023292945325416,-3.046063563177068,-0.06004953008880776,0.05331206617655937,0.05331206617655937,0.9996064855772259,False,False
Section 1_864834,host,540450,Walls,54.42829077848225,0.05333305350232312,150.0,96.0,False,0.0,91.747868463543,31372,124,253,56.99925314361689,13.5,4.222166899527177,-0.36364821513165424,-50.022306294197165,-0.06004953008880776,0.05331206617655937,0.05331206617655937,0.9996064855772259,False,False
Section 1_864834,host,540486,Walls,79.02225476187243,0.05333305350232312,150.0,96.0,False,0.0,91.747868463543,91225,362,253,20.884182381632826,13.5,1.5469764727135427,-0.9608879758780517,-0.6167290379138137,-0.06004953008880776,0.05331206617655937,0.05331206617655937,0.9996064855772259,False,False
Section 1_864834,host,540492,Walls,73.07688499123833,0.05333305350232312,150.0,96.0,False,0.0,91.747868463543,2530,10,253,5.105866136243364,13.5,0.3782123063883973,-2.294664676054097,-2.27787092516607,-0.06004953008880776,0.05331206617655937,0.05331206617655937,0.9996064855772259,False,False
Section 1_864834,host,540498,Walls,66.78582969225177,0.05333305350232312,150.0,96.0,False,0.0,91.747868463543,105097,417,253,29.634717585969923,13.5,2.1951642656274015,-0.3835385039930941,-7.01129577150806,-0.06004953008880776,0.05331206617655937,0.05331206617655937,0.9996064855772259,False,False
Section 1_864834,host,540516,Walls,4.6733893963886715,0.05333305350232312,150.0,96.0,False,0.0,91.747868463543,2527,10,253,23.70380981923303,13.5,1.7558377643876317,-11.57215567339803,-11.598323610811804,-0.06004953008880776,0.05331206617655937,0.05331206617655937,0.9996064855772259,False,False
Section 1_864834,host,540522,Walls,1.4372715880866984,0.05333305350232312,150.0,96.0,False,0.0,91.747868463543,68551,273,253,15.592588958652271,13.5,1.1550065895297978,-0.3609674434162571,-0.6716979091017663,-0.06004953008880776,0.05331206617655937,0.05331206617655937,0.9996064855772259,False,False
Section 1_864834,host,540528,Walls,-20.814826480423196,0.05333305350232312,150.0,96.0,False,0.0,91.747868463543,3064,12,257,11.700994963051187,13.5,0.8667403676334212,-5.536783900064478,-5.5242144209588275,0.09994963041815907,0.10664511967888046,0.10664511967888046,1.9996064855771878,False,False
Section 1_864834,host,540816,Walls,-14.464782253642054,0.05333305350232312,150.0,96.0,False,0.0,91.747868463543,3301,12,283,19.151359229196366,15.0,1.2767572819464243,-9.261730959028853,-9.249631628139632,-0.006716476586486664,0.0999706177439279,0.0999706177439279,1.8744589176686333,False,False
Section 1_864834,host,540828,Walls,9.674795045602457,0.05333305350232312,150.0,96.0,False,0.0,91.747868463543,432902,1563,279,84.46675308935164,15.0,5.631116872623442,-0.4361726183987358,-0.6710178468218544,-0.06004953008880776,-0.06002854276304248,-0.06002854276304248,-1.125541082331386,False,False
Section 1_864834,host,540832,Walls,-14.209502168199638,0.05333305350232312,150.0,96.0,False,0.0,91.747868463543,3312,12,279,18.933772640067616,15.0,1.262251509337841,-9.153330429906688,-9.140445568133046,-0.06004953008880776,-0.06002854276304248,-0.06002854276304248,-1.125541082331386,False,False
Section 1_864834,host,541919,Roofs,-108.94385582708915,0.05333305350232312,150.0,96.0,False,0.0,91.747868463543,75549,3335,208,232.1192951619063,11.000000000000398,21.101754105627084,-33.434151972388946,-20.819409759269746,0.0533540408280615,0.039921087654750664,0.0533540408280615,1.0003935144222984,False,False
Section 1_864834,host,558767,Walls,-28.09430610131704,0.05333305350232312,150.0,96.0,False,0.0,91.747868463543,759,5,153,37.12752670841849,8.0,4.640940838552312,-18.431907286518026,-18.42895415438884,0.06671703624850878,0.0932401496069275,0.0932401496069275,1.7482619779658046,False,False
Section 1_864834,host,558857,Walls,-28.067667831654276,0.05333305350232312,150.0,96.0,False,0.0,91.747868463543,609,4,153,37.10938557551992,8.0,4.63867319693999,-18.449221047255946,-18.446832314254664,0.06671703624850878,0.0932401496069275,0.0932401496069275,1.7482619779658046,False,False
Section 1_864834,host,558929,Walls,46.03175666992851,0.05333305350232312,150.0,96.0,False,0.0,91.747868463543,140884,934,151,50.035731462762236,8.0,6.2544664328452795,-0.13876962050251507,-0.08388987108993007,0.013383982746185907,0.03990709610460641,0.03990709610460641,0.7482619779658427,False,False
Section 1_864834,host,864878,Floors,-132.22974982078597,0.05333305350232312,150.0,96.0,False,0.0,91.747868463543,80825,5121,21,338.85252703965875,1.0,338.85252703965875,-39.777302295918034,-25.956657758344022,0.05994459345997427,0.06004953008880776,0.06004953008880776,1.1259345967541887,False,False
Section 1_864834,host,896026,Walls,-76.7988443631531,0.05333305350232312,150.0,96.0,False,0.0,91.747868463543,5691,21,300,80.67585564528244,16.0,5.0422409778301525,-39.77730229591772,-39.778559225815926,-0.06004953008880776,0.059965580785744876,0.059965580785744876,1.1243605390629443,False,False
Section 1_864834,host,896031,Walls,84.00738745273833,0.05333305350232312,150.0,96.0,False,0.0,91.747868463543,257793,1330,279,167.9353796233349,16.0,10.495961226458432,-64.19478867692337,-32.80762978832183,-0.06004953008880776,-1.0600285427630425,-0.06004953008880776,-1.1259345967541887,False,False
Section 1_864834,host,896032,Walls,30.278397601886347,0.05333305350232312,150.0,96.0,False,0.0,91.747868463543,5580,20,279,40.40254061049001,16.0,2.5251587881556254,-19.67090091569679,-19.66497862474671,-0.06004953008880776,-1.0600285427630425,-0.06004953008880776,-1.1259345967541887,False,False
Section 1_864834,host,896033,Walls,27.124169904337457,0.05333305350232312,150.0,96.0,False,0.0,91.747868463543,72554,261,279,15.935386489407051,16.0,0.9959616555879407,-0.7405347140823721,-1.2749248112183693,-0.06004953008880776,-1.0600285427630425,-0.06004953008880776,-1.1259345967541887,False,False
Section 1_864834,host,896034,Walls,-1.717092384625559,0.05333305350232312,150.0,96.0,False,0.0,91.747868463543,6287,21,303,15.150083615701533,16.0,0.9468802259813458,-7.012926286829838,-7.017163205322902,0.09994963041815907,0.059965580785744876,0.09994963041815907,1.8740654032457638,False,False
Section 1_864834,host,896042,Floors,-132.22974982078534,0.05333305350232312,150.0,96.0,False,0.0,91.747868463543,103869,5115,21,338.85252703965597,1.0,338.85252703965597,-39.93730145642306,-26.11665691885014,0.06002854276304248,0.059965580785744876,0.06002854276304248,1.125541082331386,False,False
Section 1_864834,host,896057,Walls,-76.79884436315312,0.05333305350232312,150.0,96.0,False,0.0,91.747868463543,5896,21,284,80.67585564528244,16.0,5.0422409778301525,-39.77730229591772,-39.778559225815926,-0.059965580785744876,-0.793447224554491,-0.059965580785744876,-1.1243605390629443,True,False
Section 1_864834,host,896058,Walls,98.3486834619753,0.05333305350232312,150.0,96.0,False,0.0,91.747868463543,117268,579,279,32.93538572149045,16.0,2.058461607593153,-0.8044141708050958,-1.2511335728402706,-0.059965580785744876,-1.0601124920661036,-0.059965580785744876,-1.1243605390629443,True,False
Section 1_864834,host,896059,Walls,90.21076637160147,0.05333305350232312,150.0,96.0,False,0.0,91.747868463543,5130,19,270,7.748501393090969,16.0,0.48428133706818555,-3.3384812691023527,-3.39669210744448,-0.5399630623066525,-1.0601124920661036,-0.5399630623066525,-10.124360539062936,True,False
Section 1_864834,host,896060,Walls,77.70217637919755,0.05333305350232312,150.0,96.0,False,0.0,91.747868463543,293760,1088,270,58.935384547031205,16.0,3.6834615341894503,-0.6930730426838814,-0.2159492938197829,-0.5399630623066525,-1.0601124920661036,-0.2159492938197829,-4.049070503911358,True,False
Section 1_864834,host,896062,Walls,84.00738745273833,0.05333305350232312,150.0,96.0,False,0.0,91.747868463543,859340,3112,279,167.93537962333494,16.0,10.495961226458434,-0.7284550091588144,-1.2344621149465809,-0.059965580785744876,-1.0601124920661036,-0.059965580785744876,-1.1243605390629443,True,False
Section 1_864834,host,896063,Walls,30.27839760188632,0.05333305350232312,150.0,96.0,False,0.0,91.747868463543,5580,20,279,40.40254061048998,16.0,2.5251587881556237,-19.670900915696762,-19.66497862474671,-0.059965580785744876,-1.0601124920661036,-0.059965580785744876,-1.1243605390629443,True,False
Section 1_864834,host,896064,Walls,27.124169904337457,0.05333305350232312,150.0,96.0,False,0.0,91.747868463543,72819,261,279,15.935386489407051,16.0,0.9959616555879407,-0.7405347140823721,-1.2749248112183693,-0.059965580785744876,-1.0601124920661036,-0.059965580785744876,-1.1243605390629443,True,False
Section 1_864834,host,896065,Walls,-1.717092384625559,0.05333305350232312,150.0,96.0,False,0.0,91.747868463543,5919,21,284,15.150083615701504,16.0,0.946880225981344,-7.01292628682981,-7.017163205322902,-0.059965580785744876,-0.793447224554491,-0.059965580785744876,-1.1243605390629443,True,False
Section 1_864834,host,896087,Floors,-132.22974982078503,0.05333305350232312,150.0,96.0,False,0.0,91.747868463543,25508,5115,5,338.8525270396551,1.0,338.8525270396551,-39.93730145642297,-26.1166569188494,0.060112492066103584,-0.793447224554491,0.060112492066103584,1.1271151400225972,True,False
Section 1_864834,host,930163,Walls,-31.79884639587171,0.05333305350232312,150.0,96.0,False,0.0,91.747868463543,4434,21,227,61.083432114843184,16.0,3.817714507177699,-29.987853382697622,-29.97558460859677,-3.793447224554491,-0.09994963041815907,-0.09994963041815907,-1.8740654032457638,True,False
Section 1_864834,host,930185,Walls,-1.2170924072113039,0.05333305350232312,150.0,96.0,False,0.0,91.747868463543,4549,21,228,15.15008361570159,16.0,0.9468802259813494,-7.013076572429924,-7.017012919722873,-3.793447224554491,-0.04661657691583798,-0.04661657691583798,-0.8740654032458018,True,False
Section 1_864834,host,930191,Walls,27.124019618737556,0.05333305350232312,150.0,96.0,False,0.0,91.747868463543,58727,281,209,15.935386489406767,16.0,0.9959616555879229,-0.17387362144995677,-0.7749248338039934,-3.793447224554491,-1.0599445934599743,-0.17387362144995677,-3.2601475076311366,True,False
Section 1_864834,host,930203,Walls,84.00723716713834,0.05333305350232312,150.0,96.0,False,0.0,91.747868463543,650408,3112,209,167.93537962333494,16.0,10.495961226458434,-1.228454986573169,-0.7344621375322333,-3.793447224554491,-1.0599445934599743,-0.7344621375322333,-13.771237334090408,True,False
Section 1_864834,host,930209,Walls,90.22819950119968,0.05333305350232312,150.0,96.0,False,0.0,91.747868463543,3971,19,209,14.279309236570796,16.0,0.8924568272856748,-6.63250430531798,-6.633476914708709,-3.793447224554491,-1.0599445934599743,-1.0599445934599743,-19.874065403245748,True,False
Section 1_864834,host,930215,Walls,77.70202609359751,0.05333305350232312,150.0,96.0,False,0.0,91.747868463543,227392,1088,209,58.93538454703122,16.0,3.683461534189451,-0.17974500355402867,-0.7292773329496214,-3.793447224554491,-1.0599445934599743,-0.17974500355402867,-3.3702364997008694,True,False
Section 1_864834,host,930227,Walls,98.45745511656656,0.05333305350232312,150.0,96.0,False,0.0,91.747868463543,121011,579,209,32.4353857440766,16.0,2.0272116090047874,-0.8044141708055008,-0.7511335954260154,-3.793447224554491,-1.0599445934599743,-0.7511335954260154,-14.083828809713605,True,False
